school,stread03,stdread02,gainreading,stmath02,stmath03,gainmath,stread02r,stread03r,stmath02r,stmath03r,engf02,enhbf02,encop02,engsp03,enhbsp03,encop03,mathfo2,mathbf02,macopf02,mathf03,mahbs03,macops03,atten02,absent02,atten03,absen03,group,hourlace,daylacer,lacerhoursr
1,33,35.8,-2.8,40.2,34,-6.2,0,0,0,0,1,0,0,1,1,1,2,1,1,2,1,1,180,17,180,20,0,10,5,0
1,38,37.7,0.3,33,32,-1,0,0,0,0,1,0,2,0,0,1,4,2,2,4,2,2,180,7,180,0,0,10,5,0
1,45,29.1,15.9,59.3,48,-11.3,0,0,1,1,3,1,1,3,2,2,3,2,1,3,1,1,180,1,180,2,0,20,10,0
1,60,63.5,-3.5,70.9,55,-15.9,1,1,1,1,4,2,2,4,2,2,4,2,2,4,2,2,180,2,180,0,0,194,97,1
1,67,57.5,9.5,67.7,60,-7.7,1,1,1,1,4,2,2,4,2,2,3,1,2,3,1,2,178,5,180,5,0,112,56,1
1,32,26.3,5.7,37.7,48,10.3,0,0,0,1,4,2,2,3,2,1,2,1,1,1,0,1,180,9,180,19,0,2,1,0
1,64,63.5,0.5,50,48,-2,1,1,0,1, , , ,3,2,2, , , ,1,1,1,180,3,154,14,0,50,25,1
1,76,60.4,15.6,63.5,55,-8.5,1,1,1,1,1,0,1,1,0,0,1,0,0,0,0,0,178,40,180,32,0,28,14,0
1,52,32.3,19.7,37.7,21,-16.7,0,1,0,0,1,0,0,0,0,0,0,0,0,0,0,1,180,4,180,12,0,34,17,0
1,60,55.3,4.7,37.7,46,8.3,1,1,0,1,4,2,2,4,2,2,2,2,2,2,2,2,180,4,180,3,0,82,41,1
1,33,45.2,-12.2,35.8,9,-26.8,0,0,0,0,1,0,1,2,1,2,0,0,1,0,0,0,180,6,180,21,0,6,3,0
1,76,58.7,17.3,67.7,69,1.3,1,1,1,1,3,1,2,3,1,1,2,1,2,2,1,2,180,11,180,15,0,44,22,1
1,60,63.5,-3.5,75.8,55,-20.8,1,1,1,1,3,1,1,3,1,1,3,1,1,3,0,1,180,8,180,5,0,60,30,1
1,47,49.5,-2.5,40.2,39,-1.2,1,1,0,0,2,1,1,1,1,1,1,1,0,1,0,1,180,2,180,8,0,68,34,1
1,49,64.9,-15.9,34.4,39,4.6,1,1,0,0,3,1,1,2,1,1,3,1,1,3,1,1,177,9,180,0,0,100,50,1
1,44,38.3,5.7,33,10,-23,0,0,0,0,2,1,2,2,1,2,1,2,2,0,0,1,180,1,180,0,0,144,72,1
1,55,57.5,-2.5,35.1,48,12.9,1,1,0,1,1,1,0,0,0,0,0,0,0,0,0,0,180,8,180,21,0,34,17,0
1,35,25.3,9.7,53.2,34,-19.2,0,0,1,0,0,0,0,0,0,0,0,0,0,0,0,0,179,23,180,17,0,10,5,0
1,67,66.3,0.7,75.8,57,-18.8,1,1,1,1,4,2,1,4,1,1,3,1,2,3,2,2,180,9,180,9,0,92,46,1
1,34,27.2,6.8,18.9,16,-2.9,0,0,0,0, , , , , , , , , , , , ,180,11,180,15,0,132,66,1
1,47,36.5,10.5,57.5,39,-18.5,0,1,1,0,3,1,2,3,1,1,3,2,1,3,2,1,180,7,180,3,0,6,3,0
1,30,25.3,4.7,35.8,9,-26.8,0,0,0,0,1,0,1,0,0,0,0,0,0,0,0,0,171,16,180,14,0,10,5,0
1,76,84.6,-8.6,64.9,80,15.1,1,1,1,1,3,2,2,3,1,2,3,0,2,3,0,2,180,15,180,24,0,192,96,1
1,76,84.6,-8.6,67.7,63,-4.7,1,1,1,1,4,2,2,4,2,2,4,2,2,4,2,2,180,17,180,16,0,14,7,0
1,43,45.2,-2.2,54.3,50,-4.3,0,0,1,1,2,1,1,1,0,1,2,2,1,2,2,2,180,3,180,3,0,4,2,0
1,64,64.9,-0.9,63.5,57,-6.5,1,1,1,1,3,2,2,3,1,1,2,1,2,2,0,2,180,11,180,18,0,18,9,0
1,42,24.2,17.8,25.3,1,-24.3,0,0,0,0,2,0,1,2,1,2,1,1,1,0,1,1,180,6,180,11,0,20,10,0
1,43,27.2,15.8,40.2,28,-12.2,0,0,0,0,2,2,2,1,0,1,3,1,1,3,2,2,180,2,180,7,0,50,25,1
1,49,61.7,-12.7,50,51,1,1,1,0,1,3,0,1,4,2,1,3,1,1,2,1,1,180,4,180,5,0,62,31,1
1,43,33.7,9.3,44.7,31,-13.7,0,0,0,0,0,0,0,0,0,1,0,0,1,0,0,1,180,7,180,7,0,4,2,0
1,47,45.2,1.8,54.3,50,-4.3,0,1,1,1,2,2,2,2,2,2,2,2,2,2,1,2,180,13,180,5,0,2,1,0
1,38,28.2,9.8,18.9,9,-9.9,0,0,0,0,3,1,1,4,2,0,4,2,1,4,2,1,180,8,180,11,0,18,9,0
1,33,33.7,-0.7,18.9,28,9.1,0,0,0,0,0,0,0,0,0,0,0,1,0,0,1,0,180,12,180,8,0,8,4,0
1,47, , ,28.2,31,2.8, ,1,0,0, , , , , , ,0,0,0,1,0,1,180,21,180,28,0,30,15,0
1,56,58.1,-2.1,42.5,60,17.5,1,1,0,1,3,1,1,3,2,1,4,2,2,4,2,1,180,10,180,1,0,2,1,0
1,35, , , ,74, , ,0, ,1,3,2,2,4,2,1,4,2,2,4,2,2,180,38,180,25,0,2,1,0
1,76,63.5,12.5,84.6,74,-10.6,1,1,1,1,3,1,2,4,1,2,2,1,2,2,1,1,180,1,180,10,0,40,20,1
1,58,40.7,17.3,63.5,52,-11.5,0,1,1,1,4,2,2,4,2,2,4,2,2,4,2,2,178,1,180,0,0,2,1,0
1,55,57.5,-2.5,24.2,46,21.8,1,1,0,1,2,2,2,2,2,1,1,1,2,2,2,2,180,3,180,0,0,24,12,0
1,38,28.2,9.8,13.1,24,10.9,0,0,0,0,2,2,2,4,2,2,2,1,1,3,2,2,180,2,180,2,0,16,8,0
1,64,67.7,-3.7,44.7,46,1.3,1,1,0,1,1,0,1,1,0,1,0,0,1,0,0,2,180,13,180,8,0,38,19,1
1,33,29.1,3.9,18.9,21,2.1,0,0,0,0,2,1,1,2,1,1,0,0,2,0,0,1,180,5,180,4,0,2,1,0
1,43, , , ,31, , ,0, ,0, , , , , , ,2,2,2,3,2,2,180,16,180,25,0,12,6,0
1,49,53.7,-4.7,62.3,64,1.7,1,1,1,1,0,0,2,0,0,1,0,0,1,1,1,1,180,4,180,4,0,126,63,1
1,40,37.1,2.9,35.8,24,-11.8,0,0,0,0,2,0,1,1,1,1,0,0,0,3,1,1,180,14,180,15,0,14,7,0
1,50,60.4,-10.4,70.1,41,-29.1,1,1,1,0,2,1,1,1,0,1,1,1,0,1,0,0,180,12,180,7,0,98,49,1
1,40,40.7,-0.7,35.1,41,5.9,0,0,0,0,2,1,1,1,0,1,0,0,1,0,0,0,180,3,180,6,0,34,17,0
1,47,51.6,-4.6,52.1,52,-0.1,1,1,1,1,1,1,2,1,0,1,1,0,1,1,0,2,180,3,180,13,0,16,8,0
1,55,36.5,18.5,39,41,2,0,1,0,0,1,0,1,0,0,0,1,0,1,0,0,1,180,26,180,32,0,42,21,1
1,56,31.5,24.5,32.3,67,34.7,0,1,0,1,3,2,2,2,2,2,0,0,1,1,0,1,180,8,180,2,0,12,6,0
1,30,45.2,-15.2,32.3,32,-0.3,0,0,0,0,1,0,1,2,1,2,1,0,1,0,0,1,180,10,180,4,0,18,9,0
1,38,35.8,2.2,72.8,57,-15.8,0,0,1,1,1,1,1,3,1,1,3,1,1,3,1,1,180,0,180,2,0,6,3,0
1,47,48.4,-1.4,56.4,1,-55.4,0,1,1,0,4,2,2,3,2,1,4,2,2,4,2,2,180,2,180,1,0,140,70,1
1,58,70.1,-12.1,75.8,66,-9.8,1,1,1,1,3,2,2,2,1,2,3,1,2,2,0,1,178,4,180,6,0,26,13,0
1,64,53.7,10.3,49.5,41,-8.5,1,1,0,0,2,0,1,1,2,1,2,0,2,0,0,0,179,13,180,7,0,26,13,0
1,64,51.1,12.9,35.1,39,3.9,1,1,0,0,1,0,2,4,2,2,0,0,1,0,1,1,180,6,180,5,0,106,53,1
1,64,56.4,7.6,37.7,42,4.3,1,1,0,0,2,1,2,3,1,2,1,0,1,1,0,1,110,6,180,9,0,18,9,0
1,30, , , ,34, , ,0, ,0, , , ,2,0,1,2,0,1,2,1,1,180,12,180,11,0,10,5,0
1,35,43,-8,56.4,46,-10.4,0,0,1,1,0,2,0,0,1,1,0,0,0,0,0,0,180,4,180,1,0,4,2,0
1,40,38.3,1.7,24.2,1,-23.2,0,0,0,0,0,1,1,0,0,0,0,0,1,0,0,0,177,11,153,11,0,6,3,0
1,33,31.5,1.5,35.8,28,-7.8,0,0,0,0,1,0,1,1,0,1,0,0,1,0,0,0,180,11,180,8,0,2,1,0
1,33,36.5,-3.5,23,36,13,0,0,0,0,0,1,1,0,1,1,0,0,1,0,0,1,180,29,180,39,0,92,46,1
1,40,41.3,-1.3,20.4,20,-0.4,0,0,0,0, , , , , , , , , , , , ,171,25,179,30,0,28,14,0
1,43,47.4,-4.4,55.3,43,-12.3,0,0,1,0,3,2,2,2,2,2,4,2,2,3,2,2,180,23,180,10,0,2,1,0
1,52,59.8,-7.8,34.4,35,0.6,1,1,0,0,1,1,2,1,1,1,1,1,2,1,0,1,180,24,180,16,0,38,19,1
1,42,61.7,-19.7,24.2,39,14.8,1,0,0,0,0,1,1,0,0,1,2,1,2,2,1,2,162,14,179,22,0,100,50,1
1,33,52.6,-19.6,35.1,31,-4.1,1,0,0,0,0,0,0,0,0,0,0,0,1,1,1,0,180,46,180,37,0,4,2,0
1,71,79.6,-8.6,84.6,80,-4.6,1,1,1,1,4,2,2,4,2,2,1,1,1,1,0,1,180,10,180,2,0,80,40,1
1,32,53.7,-21.7,17.3,20,2.7,1,0,0,0,1,0,2,1,1,2,0,0,2,0,0,2,180,107,180,34,0,90,45,1
1,38,48.4,-10.4,53.2,24,-29.2,0,0,1,0,0,0,1,0,0,1,2,1,1,1,0,1,180,10,180,13,0, , , 
1,40,35.8,4.2,18.9,46,27.1,0,0,0,1,0,0,0,0,0,0,0,0,1,0,0,1,180,7,180,5,0,28,14,0
1,49,58.1,-9.1,71.8,60,-11.8,1,1,1,1,3,1,2,2,2,1,4,2,2,4,2,2,180,25,180,37,0,10,5,0
1,82,82.7,-0.7,86.9,66,-20.9,1,1,1,1,4,2,2,4,2,2,3,2,1,1,0,1,180,5,180,5,0,86,43,1
1,47,35.8,11.2,41.3,57,15.7,0,1,0,1,2,1,2,2,1,2,2,1,2,3,2,2,180,3,180,1,1, , , 
1,33,37.1,-4.1,35.1,31,-4.1,0,0,0,0,3,1,2,3,0,1,1,0,1,2,1,2,180,6,180,8,1, , , 
1,38,29.1,8.9,45.7,48,2.3,0,0,0,1,2,2,2,4,2,2,2,2,1,2,2,2,180,16,180,12,1, , , 
1,76,63.5,12.5,70.1,60,-10.1,1,1,1,1,2,1,1,2,2,1,2,2,2,3,2,2,180,32,180,29,1, , , 
1,50,57.5,-7.5,61,50,-11,1,1,1,1,3,2,2,4,2,2,3,2,2,2,1,1,180,14,180,18,1, , , 
1,49,26.3,22.7,37.7,51,13.3,0,1,0,1,2,1,0,3,2,2,1,1,1,2,1,1,180,2,180,4,1, , , 
1,74,63.5,10.5,52.1,51,-1.1,1,1,1,1,3,2,2,4,2,2, , , , , , ,180,2,180,0,1, , , 
1,50,60.4,-10.4,52.1,46,-6.1,1,1,1,1,3,1,1,2,1,1,2,1,1,0,0,1,180,8,180,11,1, , , 
1,45,32.3,12.7,39,24,-15,0,0,0,0,1,2,2,1,2,2,2,1,0,2,1,1,180,6,180,3,1, , , 
1,45,55.3,-10.3,37.7,41,3.3,1,0,0,0,1,2,2,1,2,2,0,0,1,1,0,1,179,3,180,4,1, , , 
1,11,45.2,-34.2,35.1,28,-7.1,0,0,0,0,2,1,2,2,1,2,1,0,1,2,1,2,180,19,85,9,1, , , 
1,64,58.7,5.3,67.7,60,-7.7,1,1,1,1,4,2,2,4,2,2,1,1,0,2,0,0,177,10,179,13,1, , , 
1,69,63.5,5.5,75.8,60,-15.8,1,1,1,1,2,1,1,1,0,1,1,0,1,0,0,1,180,3,180,6,1, , , 
1,55,49.5,5.5,39,55,16,1,1,0,1,2,2,1,2,1,1,2,1,1,1,1,1,180,14,180,1,1, , , 
1,67,64.9,2.1,42.5,28,-14.5,1,1,0,0, , , ,3,2,2, , , ,1,0,0,180,16,72,25,1, , , 
1,21,38.3,-17.3,35.8,21,-14.8,0,0,0,0,1,0,1,0,0,1,0,0,1,0,0,2,178,18,180,23,1, , , 
1,45,56.4,-11.4,33,34,1,1,0,0,0,1,2,2,1,2,1,1,0,1,1,1,2,180,0,180,2,1, , , 
1,45,25.3,19.7,44.7,34,-10.7,0,0,0,0,2,1,1,4,2,2,2,2,2,2,2,2,180,6,180,14,1, , , 
1,92,66.3,25.7,70.1,60,-10.1,1,1,1,1,4,2,2,4,2,2,3,1,2,2,1,2,180,6,180,5,1, , , 
1,36,27.2,8.8,18.9,20,1.1,0,0,0,0,0,0,1,0,0,0,0,0,1,0,0,1,180,8,180,18,1, , , 
1,52,36.5,15.5,52.1,41,-11.1,0,1,1,0,1,1,1,2,1,1,2,0,1,2,0,1,179,34,180,11,1, , , 
1,11,25.3,-14.3,34.4,45,10.6,0,0,0,1,0,0,1,0,0,0,3,1,0,2,0,0,64,6,180,39,1, , , 
1,71,84.6,-13.6,75.8,74,-1.8,1,1,1,1,4,2,2,4,2,2,2,2,2,1,0,2,180,12,180,8,1, , , 
1,76,86.9,-10.9,60.4,60,-0.4,1,1,1,1,2,2,1,2,2,2,2,1,1,3,2,2,180,10,180,11,1, , , 
1,52,45.2,6.8,54.3,57,2.7,0,1,1,1,4,1,2,3,2,2,4,2,2,4,2,2,180,2,180,0,1, , , 
1,60,64.9,-4.9,62.3,67,4.7,1,1,1,1,1,0,0,2,0,1,1,1,1,2,1,1,180,9,180,9,1, , , 
1,24,24.2,-0.2,25.3,24,-1.3,0,0,0,0,0,0,0,3,1,1,3,2,2,4,2,2,180,4,180,4,1, , , 
1,40,27.2,12.8,39,35,-4,0,0,0,0,0,0,1,0,0,1,1,0,1,0,0,1,173,5,180,25,1, , , 
1,47,61.7,-14.7,43.6,39,-4.6,1,1,0,0,2,2,2,2,2,1,2,2,2,3,2,2,180,18,180,12,1, , , 
1,32,33.7,-1.7,45.7,45,-0.7,0,0,0,1,0,0,0,0,0,0,2,1,1,1,1,1,180,1,180,1,1, , , 
1,42,45.2,-3.2,54.3,57,2.7,0,0,1,1,3,1,1,2,1,1,3,1,2,2,1,1,180,9,180,6,1, , , 
1,35,28.2,6.8,20.4,34,13.6,0,0,0,0, , , ,1,0,1, , , ,1,0,1,178,35,79,10,1, , , 
1,52,33.7,18.3,21.8,45,23.2,0,1,0,1,1,0,1,2,1,1,0,0,1,0,0,1,180,4,180,2,1, , , 
1,35, , ,33,36,3, ,0,0,0,3,1,0,2,0,1,0,1,1,0,0,0,180,13,180,10,1, , , 
1,69,58.1,10.9,41.3,39,-2.3,1,1,0,0,1,0, ,3,2,2,2,1,2,2,1,1,180,14,180,4,1, , , 
1,60, , , ,50, , ,1, ,1,3,2,2,4,2,2,4,2,2,4,2,2,180,14,180,15,1, , , 
1,82,63.5,18.5,81.1,74,-7.1,1,1,1,1,4,2,2,4,1,2,2,1,2,2,1,2,180,7,180,14,1, , , 
1,45,40.7,4.3,61,63,2,0,0,1,1,2,2,1,1,2,1,2,1,0,2,1,1,179,6,180,4,1, , , 
1,58,58.7,-0.7,29.1,28,-1.1,1,1,0,0,1,0,1,2,1,1,0,0,1,0,0,1,180,7,180,8,1, , , 
1,30,28.2,1.8,13.1,35,21.9,0,0,0,0,0,0,1,0,0,1,1,0,1,0,0,1,180,5,180,17,1, , , 
1,58,67.7,-9.7,53.2,55,1.8,1,1,1,1,2,1,1,2,0,1,2,2,1,2,0,1,180,6,180,3,1, , , 
1,17,29.1,-12.1,29.1,15,-14.1,0,0,0,0,1,0,1,2,1,1,3,1,1,3,2,1,180,8,180,7,1, , , 
1,12, , , ,21, , ,0, ,0, , , , , , , , , , , , ,180,17,180,15,1, , , 
1,38,53.7,-15.7,66.3,55,-11.3,1,0,1,1, , , ,2,1,1, , , ,2,0,0,180,6,36,4,1, , , 
1,24,37.1,-13.1,40.2,28,-12.2,0,0,0,0,2,1,1,3,1,2,0,0,1,0,0,1,176,11,180,22,1, , , 
1,58,61.7,-3.7,73.7,36,-37.7,1,1,1,0,3,1,2,2,1,1,3,1,1,2,1,1,180,8,180,3,1, , , 
1,38,40.7,-2.7,35.1,39,3.9,0,0,0,0,3,1,2,3,1,1,1,2,1,2,1,1,177,3,180,3,1, , , 
1,47,51.6,-4.6,50.5,50,-0.5,1,1,0,1,3,1,1,1,2,1,1,1,2,2,1,1,180,7,180,40,1, , , 
1,30,36.5,-6.5,40.2,36,-4.2,0,0,0,0,2,2,2,3,1,1,1,1,1,0,0,1,180,19,180,2,1, , , 
1,52,31.5,20.5,33,36,3,0,1,0,0,1,0,1,2,1,1,1,1,2,2,2,2,169,26,180,23,1, , , 
1,38,45.2,-7.2,33,32,-1,0,0,0,0,0,0,1,1,1,2,0,0,1,0,0,1,180,9,180,14,1, , , 
1,36,36.5,-0.5,70.1,54,-16.1,0,0,1,1,3,2,2,4,2,2,2,2,1,3,1,1,180,13,180,6,1, , , 
1,38,48.4,-10.4,56.4,45,-11.4,0,0,1,1,0,1,1,0,1,1,2,1,1,3,1,1,179,11,180,5,1, , , 
1,71,70.1,0.9,73.7,63,-10.7,1,1,1,1,3,2,2,4,2,2,4,2,2,4,1,2,180,11,180,11,1, , , 
1,52,53.7,-1.7,50,42,-8,1,1,0,0,4,2,2,3,1,2,4,2,2,3,1,2,180,5,180,11,1, , , 
1,56,51.1,4.9,39,42,3,1,1,0,0,2,2,2,1,0,0,2,1,0,2,0,0,180,11,180,11,1, , , 
1,60,56.4,3.6,37.7,39,1.3,1,1,0,0,2,1,1,1,0,1,0,0,1,0,0,0,180,14,180,19,1, , , 
1, , , , , , , , , , , , , , , , , , , , , , , , , , ,1, , , 
1,17,43,-26,52.1,36,-16.1,0,0,1,0,1,0,1,0,0,0,2,1,2,1,0,2,180,37,180,50,1, , , 
1,44,38.3,5.7,25.3,24,-1.3,0,0,0,0,4,1,1,3,1,2,4,2,2,4,2,2,179,34,180,11,1, , , 
1,24,31.5,-7.5,35.8,31,-4.8,0,0,0,0,0,0,1,1,1,1,0,0,2,1,1,2,180,8,180,4,1, , , 
1,28,36.5,-8.5,29.1,24,-5.1,0,0,0,0,0,0,0,0,0,0,0,0,1,0,1,1,180,12,180,15,1, , , 
1,69,39.6,29.4,20.4,51,30.6,0,1,0,1,1,0,2,3,1,1,1,1,1,1,0,0,180,28,180,11,1, , , 
1,47,47.4,-0.4,54.3,57,2.7,0,1,1,1,3,2,2,3,2,2,2,2,2,3,2,2,180,12,180,12,1, , , 
1,60,59.8,0.2,35.1,42,6.9,1,1,0,0,2,1,2,3,2,2,1,0,1,0,0,0,180,0,180,8,1, , , 
1,81,61.7,19.3,36.5,48,11.5,1,1,0,1,1,0,1,2,2,1,1,1,1,1,0,1,63,2,180,2,1, , , 
1,38,52.6,-14.6,35.1,64,28.9,1,0,0,1,0,0,1,1,0,1,0,0,1,0,0,0,180,28,180,20,1, , , 
1,82,79.6,2.4,82.7,80,-2.7,1,1,1,1,4,2,2,4,2,2,3,2,2,4,2,2,180,23,180,9,1, , , 
1,40,52.6,-12.6,21.8,39,17.2,1,0,0,0, , , ,2,2,1, , , ,0,0,0,178,35,82,13,1, , , 
1,43,48.4,-5.4,53.2,43,-10.2,0,0,1,0,3,1,2,2,1,1,3,2,2,2,1,1,180,4,180,7,1, , , 
1,21,35.8,-14.8,25.3,43,17.7,0,0,0,0,2,1,1,0,0,0,0,0,1,0,0,0,180,2,180,3,1, , , 
1,58,58.7,-0.7,68.5,39,-29.5,1,1,1,0,4,2,2,4,2,2,4,2,2,3,2,2,180,6,180,4,1, , , 
1,71,84.6,-13.6,89.6,80,-9.6,1,1,1,1,4,2,2,4,2,2,4,2,2,4,2,2,178,4,180,6,1, , , 
2,36,28.2,7.8,43.6,54,10.4,0,0,0,1,2,2,2,3,2,2,2,2,2, , , ,180,5,180,0,0,138,69,1
2,30,28.2,1.8,32.3,24,-8.3,0,0,0,0,2,1,1,3,2,2,3,2,2,1,1,1,180,5,180,1,0,4,2,0
2,44,59.8,-15.8,59.8,48,-11.8,1,0,1,1,4,2,2,1,0,2,1,0,1,2,1,1,180,0,180,3,0,192,96,1
2,56,66.3,-10.3,67.7,64,-3.7,1,1,1,1,4,2,2,4,2,2,2,1,2, , , ,180,3,180,8,0,12,6,0
2,28, , , ,35, , ,0, ,0, , , , , , , , , , , , ,180,31,180,38,0,2,1,0
2,64,84.6,-20.6,99,75,-24,1,1,1,1,4,2,2,4,2,2,3,2,2,3,2,2,180,0,180,0,0,82,41,1
2,64,56.4,7.6,64.9,57,-7.9,1,1,1,1,4,2,2,2,1,2,3,2,2,3,2,2,180,1,180,1,0,10,5,0
2,38,45.2,-7.2,56.4,39,-17.4,0,0,1,0,2,1,2,1,1,2,2,1,2,3,1,2,180,5,180,4,0,64,32,1
2,17,47.4,-30.4,27.2,24,-3.2,0,0,0,0,0,0,0,0,0,0,0,0,0,0,0,0,180,4,180,8,0,134,67,1
2,40,45.2,-5.2,35.1,28,-7.1,0,0,0,0,1,0,1,1,0,1,1,0,1,1,0,1,180,4,180,1,0,4,2,0
2,64,86.9,-22.9,99,84,-15,1,1,1,1,4,2,2,4,2,2,3,2,2,4,2,2,180,3,180,2,0,56,28,1
2,47,47.4,-0.4,55.3,45,-10.3,0,1,1,1,2,1,2,1,1,1,2,1,2,1,0,1,180,33,129,15,0,14,7,0
2,23,29.9,-6.9,30.7,20,-10.7,0,0,0,0,0,0,0,4,2,2,1,0,1,1,0,1,180,7,180,3,0,14,7,0
2,25,10.4,14.6,29.1,1,-28.1,0,0,0,0,2,1,1,3,1,2,2,1,1,3,2,2,180,1,180,3,0,16,8,0
2,36,39.6,-3.6,45.7,57,11.3,0,0,0,1,1,1,2,2,2,2,2,2,1,1,1,1,180,20,180,5,0,22,11,0
2,81,64.9,16.1,54.3,54,-0.3,1,1,1,1,2,1,1,3,2,0,1,0,1,0,0,1,180,10,180,7,0,2,1,0
2,43,41.9,1.1,61,39,-22,0,0,1,0,3,2,2,3,1,2,3,2,2,2,1,2,180,3,180,8,0,32,16,0
2,38,37.7,0.3,29.1,1,-28.1,0,0,0,0,1,1,2,2,1,2,0,0,1,0,0,1,180,18,180,13,0,6,3,0
2,28,17.3,10.7,28.2,28,-0.2,0,0,0,0,2,2,2,2,1,1,1,0,1,2,1,2,180,7,180,4,0,6,3,0
2,27,43,-16, ,46, ,0,0, ,1,3,1,1,2,1,2,2,1,1,1,0,1,180,12,180,13,0,2,1,0
2,28,35.8,-7.8, ,48, ,0,0, ,1,1,1,2,2,1,2,2,1,2,2,2,2,180,4,180,7,0,190,95,1
2,45,70.1,-25.1,75.8,66,-9.8,1,0,1,1,1,1,2,3,2,2,3,1,2,3,0,2,180,1,180,2,0,4,2,0
2,17,50.5,-33.5,33.7,39,5.3,1,0,0,0,2,1,2,2,1,2,2,1,1,2,1,1,180,0,180,3,0,10,5,0
2,24,29.1,-5.1,30.7,15,-15.7,0,0,0,0,2,1,2,2,1,1,0,1,1,2,1,1,180,0,180,3,0,8,4,0
2,64,66.3,-2.3,78.2,67,-11.2,1,1,1,1,3,1,2,2,2,2,3,2,2, , , ,180,1,180,6,0,16,8,0
2,38,46.3,-8.3,36.5,57,20.5,0,0,0,1,2,1,1,1,1,1,1,0,0,0,0,0,180,23,180,9,0,6,3,0
2,40, , , ,57, , ,0, ,1,4,2,2,4,2,2,2,2,2,2,1,2,67,1,180,3,0,44,22,1
2,71,71.8,-0.8,70.1,74,3.9,1,1,1,1,3,2,2,3,2,2,4,2,2,3,2,2,180,0,180,0,0,6,3,0
2,30,30.7,-0.7,39,24,-15,0,0,0,0,1,0,0,1,0,1,0,0,1,0,0,1,180,2,180,4,0,2,1,0
2,52,56.4,-4.4,67.7,67,-0.7,1,1,1,1,4,2,2,4,2,2,2,1,2,3,1,2,180,0,180,0,0,18,9,0
2,64,93.3,-29.3,99,91,-8,1,1,1,1,4,2,2,4,2,2,4,2,2,4,2,2,180,0,180,0,0,64,32,1
2,60,52.6,7.4,44.7,9,-35.7,1,1,0,0,3,1,2,3,1,2,2,1,2,2,1,2,180,2,180,1,0,120,60,1
2,21, , , ,1, , ,0, ,0, , , , , , ,2,2,2,2,1,1,180,9,180,10,0,16,8,0
2,69,56.4,12.6,99,75,-24,1,1,1,1,4,2,2,4,2,2,3,2,2,4,2,2,180,2,180,0,0,64,32,1
2,47,53.7,-6.7,50.5,46,-4.5,1,1,0,1,1,0,2,2,1,2,2,1,1,1,0,1,180,3,180,3,0,2,1,0
2,27,13.1,13.9,44.7,57,12.3,0,0,0,1,0,0,2,1,0,1,4,2,2,3,1,2,180,0,179,6,0,38,19,1
2,40,43,-3,45.7,41,-4.7,0,0,0,0,1,0,1,2,1,2,1,1,1,0,0,1,180,5,180,6,0,2,1,0
2,52,47.4,4.6,70.9,66,-4.9,0,1,1,1,1,1,2,2,1,2,3,1,2,1,1,2,180,5,180,17,0,28,14,0
2,38,46.3,-8.3,43.6,45,1.4,0,0,0,1,2,2,2,2,2,2,2,1,2, , , ,180,7,180,6,0,100,50,1
2,40,30.7,9.3,35.1,42,6.9,0,0,0,0,2,2,1,3,2,2,3,2,2,3,2,1,180,4,180,4,0,6,3,0
2,27,37.1,-10.1,67.7,50,-17.7,0,0,1,1,2,1,1,2,1,1,4,1,1,4,1,1,180,2,180,2,0,4,2,0
2,34,33,1,32.3,39,6.7,0,0,0,0,1,1,2,2,2,2,3,2,2,3,2,2,180,7,180,7,0,2,1,0
2,64,40.7,23.3,55.3,57,1.7,0,1,1,1,2,1,1,0,0,0,2,1,1,2,1,2,180,14,180,32,0,2,1,0
2,60,48.4,11.6,60.4,57,-3.4,0,1,1,1,3,2,2,3,1,2,2,1,2,3,2,2,180,1,180,2,0,14,7,0
2,38,31.5,6.5,46.8,42,-4.8,0,0,0,0,3,1,2,1,1,2,3,2,2,0,0,1,180,5,180,1,0,20,10,0
2,45,26.3,18.7,35.8,21,-14.8,0,0,0,0,3,2,2,3,2,2,1,1,2,1,1,2,180,0,180,4,0,104,52,1
2,25, , , ,32, , ,0, ,0,0,0,1,1,0,1,3,2,2,2,1,0,180,6,180,2,0,42,21,1
2,52,43,9,49.5,46,-3.5,0,1,0,1,3,2,2,2,1,2,3,2,2,3,2,2,180,0,180,5,0,120,60,1
2,40,33.7,6.3,28.2,28,-0.2,0,0,0,0,2,1,1,2,1,1,0,0,1,0,0,1,180,6,180,3,0,148,74,1
2,58,50.5,7.5,63.5,60,-3.5,1,1,1,1,4,2,2,4,2,2,4,2,2,4,2,2,180,0,180,0,0,22,11,0
2,52,50,2,61,64,3,1,1,1,1,3,2,2,3,2,2,1,1,1,2,1,1,180,0,180,0,0,116,58,1
2,64,64.9,-0.9,55.3,55,-0.3,1,1,1,1,3,1,1,2,1,1,1,0,2,1,0,0,180,8,180,8,0,28,14,0
2,17,39.6,-22.6,35.8,36,0.2,0,0,0,0,2,1,2,2,1,2,1,0,1,3,1,2,180,1,180,1,0,110,55,1
2,33,31.5,1.5,47.9,43,-4.9,0,0,0,0,4,2,2,3,1,1,3,2,2,3,1,1,180,5,180,2,0,6,3,0
2,52,49.5,2.5,81.1,57,-24.1,1,1,1,1,3,1,2,0,0,2,2,1,2,3,2,2,180,6,180,5,0,38,19,1
2,47,51.6,-4.6,47.9,57,9.1,1,1,0,1,1,0,2,1,1,2,2,1,2,2,1,2,180,10,180,12,0,40,20,1
2,33,37.1,-4.1,25.3,36,10.7,0,0,0,0,3,2,2,4,2,2,3,2,2,4,2,2,180,0,180,3,0,2,1,0
2,56,55.3,0.7,53.2,60,6.8,1,1,1,1,3,2,2,2,1,2,3,2,2,2,2,2,180,0,180,0,0,10,5,0
2,24,38.3,-14.3,40.2,34,-6.2,0,0,0,0, , , ,0,0,1, , , ,0,0,0,163,15,91,1,0,24,12,0
2,76,61.7,14.3,81.1,69,-12.1,1,1,1,1,4,2,2,4,2,2,4,2,2,4,2,2,180,0,180,0,0,4,2,0
2,49,39.6,9.4,40.2,42,1.8,0,1,0,0,1,0,1,0,0,0,1,0,1,0,0,1,87,15,179,41,0,2,1,0
2,36,37.7,-1.7,30.7,10,-20.7,0,0,0,0,1,0,0,1,0,0,0,0,0,0,0,0,180,5,180,17,0,60,30,1
2,40,38.3,1.7,56.4,28,-28.4,0,0,1,0,2,1,1, , , ,3,1,1,2,1,1,180,3,180,1,0,8,4,0
2,21, , , ,31, , ,0, ,0,1,0,1,1,1,1,0,0,0,0,0,0,73,3,180,6,0,12,6,0
2,34,44.1,-10.1,89.6,71,-18.6,0,0,1,1,4,2,2,4,2,2,3,2,2, , , ,180,1,180,2,0,114,57,1
2,36,46.3,-10.3,45.7,28,-17.7,0,0,0,0,0,0,1,1,0,1,2,1,2,2,1,2,180,4,180,6,0,14,7,0
2,58,55.3,2.7,57.5,34,-23.5,1,1,1,0,3,2,2,4,2,2,4,2,2,3,1,1,180,2,167,6,0,8,4,0
2,60,71.8,-11.8,62.9,41,-21.9,1,1,1,0,3,1,2,4,2,2,3,2,2,4,2,2,180,7,180,2,0,4,2,0
2,52,45.2,6.8,47.9,57,9.1,0,1,0,1,2,1,1,2,1,2,2,1,1,2,1,1,180,9,180,10,0,174,87,1
2,27,33.7,-6.7,55.3,41,-14.3,0,0,1,0,3,2,2,3,2,2,3,2,2,4,2, ,180,2,180,10,0,106,53,1
2,23,37.7,-14.7,21.8,10,-11.8,0,0,0,0,0,0,1,0,0,1,0,0,1,0,0,1,180,6,180,8,0,66,33,1
2,17,34.4,-17.4,41.3,24,-17.3,0,0,0,0,1,0,1,1,0,1,0,0,0,0,0,0,180,4,180,2,0,2,1,0
2,52,36.5,15.5,55.3,48,-7.3,0,1,1,1,3,1,2,3,1,2,2,1,2,1,1,1,180,5,180,7,0,26,13,0
2,43,52.6,-9.6,64.9,28,-36.9,1,0,1,0,3,2,2,3,2,2,3,2,2,3,1,1,180,4,180,8,0,2,1,0
2,81,74.7,6.3,99,91,-8,1,1,1,1,4,2,2,4,2,2,4,2,2,4,2,2,180,0,179,0,0,2,1,0
2,55,51.6,3.4,70.9,50,-20.9,1,1,1,1,3,1,2,2,1,2,2,1,1,2,1,1,180,8,180,17,0,4,2,0
2,81,78.2,2.8,84.6,79,-5.6,1,1,1,1,4,2,2,4,2,2,3,2,2, , , ,180,20,180,19,0,4,2,0
2,33,28.2,4.8,45.7,39,-6.7,0,0,0,0,1,0,1,0,0,1,0,0,0,0,0,1,180,2,180,1,1, , , 
2,16,28.2,-12.2,32.3,24,-8.3,0,0,0,0,1,1,1,0,0,1,0,0,2, , , ,180,3,180,1,1, , , 
2,49,59.8,-10.8,59.8,51,-8.8,1,1,1,1,4,1,1,3,1,1,2,1,2,3,2,2,180,0,180,3,1, , , 
2,60,66.3,-6.3,68.5,52,-16.5,1,1,1,1,3,1,2,4,2,2,4,2,2,4,2,2,180,2,180,0,1, , , 
2,1, , , ,20, , ,0, ,0, , , , , , ,0,0,0,0,0,0,180,30,175,34,1, , , 
2,64,86.9,-22.9,99,84,-15,1,1,1,1,4,2,2,4,2,2,3,2,2,4,2,2,180,3,180,2,1, , , 
2,55,56.4,-1.4,66.3,63,-3.3,1,1,1,1,2,1,2,2,1,2,3,2,2,3,2,2,180,2,180,1,1, , , 
2,33,45.2,-12.2,56.4,21,-35.4,0,0,1,0,2,1,0,1,0,1,0,0,0,0,0,0,180,18,180,23,1, , , 
2,45,47.4,-2.4,35.8,36,0.2,0,0,0,0,2,1,2,2,1,1,1,0,1,0,0,1,180,5,180,1,1, , , 
2,44,45.2,-1.2,32.3,35,2.7,0,0,0,0,4,2,2,3,2,2,2,1,2,2,1,2,180,26,180,7,1, , , 
2,64,84.6,-20.6,99,75,-24,1,1,1,1,4,2,2,4,2,2,3,2,2,3,2,2,180,0,180,0,1, , , 
2,60,47.4,12.6,52.1,39,-13.1,0,1,1,0,3,2,2,3,1,2,3,1,1,1,1, ,180,5,180,3,1, , , 
2,30,29.9,0.1,33,16,-17,0,0,0,0,2,1,2,4,1,2,1,0,1,2,0,2,180,27,180,29,1, , , 
2,23,10.4,12.6,32.3,28,-4.3,0,0,0,0,2,1,1,3,1,1,0,0,1,1,0,1,180,0,180,0,1, , , 
2,30,39.6,-9.6,44.7,2,-42.7,0,0,0,0,2,1,1, , , ,0,0,1,0,0,1,180,2,180,0,1, , , 
2,55,64.9,-9.9,55.3,60,4.7,1,1,1,1,3,1,1,2,1,1,2,1,1,1,0,0,180,2,180,5,1, , , 
2,52,41.9,10.1,61,63,2,0,1,1,1,4,2,2,4,2,2,4,2,2,4,2,2,180,0,180,1,1, , , 
2,52,37.7,14.3,32.3,35,2.7,0,1,0,0,2,2,2,2,2,2,1,0,1,1,1,2,180,12,179,14,1, , , 
2,5,17.3,-12.3,27.2,24,-3.2,0,0,0,0,2,1,1,1,1,2,2,1,2,1,1,2,180,4,180,14,1, , , 
2,50,43,7,37.7,41,3.3,0,1,0,0,4,2,2,3,2,2,4,2,2,3,2,2,180,7,180,3,1, , , 
2,16,35.8,-19.8, ,28, ,0,0, ,0,1,0,2,2,1,1,1,1,1,1,0,1,180,14,180,8,1, , , 
2,60,70.1,-10.1,70.9,63,-7.9,1,1,1,1,2,1,1, , , ,2,1,2,2,1,1,180,10,180,26,1, , , 
2,45,50.5,-5.5,29.1,36,6.9,1,0,0,0,3,2,2,3,2,2,2,1,2,2,1,1,180,3,180,9,1, , , 
2,21,29.1,-8.1,32.3,34,1.7,0,0,0,0, , , , , , ,3,2,2,4,2,2,180,13,180,11,1, , , 
2,60,66.3,-6.3,75.8,79,3.2,1,1,1,1,4,2,2,4,2,2,2,1,2,3,1,1,180,6,180,5,1, , , 
2,1,46.3,-45.3,36.5,39,2.5,0,0,0,0,1,0,1,0,0,1,0,0,1,0,0,1,180,7,180,22,1, , , 
2,40, , , ,42, , ,0, ,0,4,2,2,4,2,2,3,2,2,3,2,2,180,5,180,9,1, , , 
2,67,71.8,-4.8,67.7,66,-1.7,1,1,1,1,3,2,2,4,2,2,3,2,2,3,2,2,180,8,180,12,1, , , 
2,28,30.7,-2.7,37.7,32,-5.7,0,0,0,0,2,1,2,1,1,2,1,1,2,0,0,2,180,2,170,3,1, , , 
2,52,56.4,-4.4,67.7,31,-36.7,1,1,1,0,3,1,1, , , ,3,2,2,3,2,2,180,6,180,16,1, , , 
2,64,93.3,-29.3,99,98,-1,1,1,1,1,4,2,2,4,2,2,4,2,2,4,2,2,180,2,180,8,1, , , 
2,49,52.6,-3.6,44.7,48,3.3,1,1,0,1,2,2,2,2,0,1,2,2,1,2,1,1,180,4,180,8,1, , , 
2, , , , , , , , , , , , , , , , , , , , , , , , , , ,1, , , 
2,71,56.4,14.6,86.9,90,3.1,1,1,1,1,4,2,2,4,2,2,3,2,2,4,2,2,180,8,180,5,1, , , 
2,56,53.7,2.3,50,67,17,1,1,0,1,1,0, ,2,1,2,0,0,1,2,1,2,180,18,180,18,1, , , 
2,21,13.1,7.9,43.6,46,2.4,0,0,0,1,3,1,2,2,1,2,0,0,1,0,0,0,134,7,180,4,1, , , 
2,47,43,4,42.5,34,-8.5,0,1,0,0,3,2,2,2,1,1,1,0,1,3,1,1,180,2,180,0,1, , , 
2,64,47.4,16.6,73.7,52,-21.7,0,1,1,1,1,1,2,3,2,2,2,1,2,3,2,2,180,1,180,1,1, , , 
2,56,46.3,9.7,43.6,54,10.4,0,1,0,1,3,2,2,4,2,2,2,2,2,2,2,2,180,8,180,3,1, , , 
2,34,30.7,3.3,35.1,51,15.9,0,0,0,1,4,2,2,0,0,0,2,1,2,1,0,1,96,1,180,9,1, , , 
2,33,37.1,-4.1,68.5,52,-16.5,0,0,1,1,3,2,2,4,2,2,3,1,2,2,1,1,180,12,180,6,1, , , 
2,19,33,-14,32.3,42,9.7,0,0,0,0,2,0,2,2,1,1,2,1,2,2,1,1,180,2,180,4,1, , , 
2,35,40.7,-5.7,55.3,41,-14.3,0,0,1,0,2,1,1,2,1,2,2,1,2,2,1,2,180,4,180,2,1, , , 
2,64,48.4,15.6,61,43,-18,0,1,1,0,3,1,2,2,1,2,1,1,1,1,1,1,163,7,180,2,1, , , 
2,12,31.5,-19.5,46.8,24,-22.8,0,0,0,0,3,1,2,2,1,1,0,0,1,0,0,1,180,8,180,8,1, , , 
2, ,26.3, ,33,15,-18,0, ,0,0,2,2,2,2,2,2,3,2,1,4,2,2,180,20,180,9,1, , , 
2,42, , , ,28, , ,0, ,0,0,0,2,2,1,2,2,1,2,1,1,2,180,8,180,4,1, , , 
2,24,43,-19,50.5,34,-16.5,0,0,0,0,1,0,1,0,0,0,0,0,1,0,0,1,180,0,180,5,1, , , 
2,19,33.7,-14.7,29.1,24,-5.1,0,0,0,0,2,2,2,3,2,2,1,1,2,0,0,2,180,3,180,3,1, , , 
2,55,50.5,4.5,63.5,57,-6.5,1,1,1,1,0,0,2,0,0,1,1,0,1,1,0,1,180,4,180,9,1, , , 
2,49,50,-1,63.5,57,-6.5,1,1,1,1,3,1,2,3,2,2,3,2,2, , , ,180,0,180,0,1, , , 
2,81,64.9,16.1,54.3,54,-0.3,1,1,1,1,2,1,1,3,2,0,1,0,1,0,0,1,180,10,180,7,1, , , 
2,36,39.6,-3.6,39,45,6,0,0,0,1,1,1,1,2,1,1,2,2,1,2,1,1,180,3,180,1,1, , , 
2,42,31.5,10.5,48.4,57,8.6,0,0,0,1,3,2,2,4,2,2,4,2,2,4,2,2,180,6,180,3,1, , , 
2,47,48.4,-1.4,78.2,80,1.8,0,1,1,1,2,1,2,2,1,2,4,2,2,3,2,2,180,8,180,6,1, , , 
2,50,51.6,-1.6,82.7,63,-19.7,1,1,1,1,2,2,2,3,2,2,4,2,2,2,2,2,180,0,180,5,1, , , 
2,40,37.7,2.3,24.2,39,14.8,0,0,0,0,1,1,2,2,0,2,1,0,1,1,1,2,180,6,180,13,1, , , 
2,44,55.3,-11.3,52.1,45,-7.1,1,0,1,1,4,2,2,4,2,2,2,0,1,2,1,1,180,0,180,1,1, , , 
2,17,38.3,-21.3,39,24,-15,0,0,0,0,1,0,1,1,0,1,0,0,1,0,0,1,180,0,180,14,1, , , 
2,40,61.7,-21.7,82.7,71,-11.7,1,0,1,1,0,0,1,1,0,1,1,0,1, , , ,180,1,180,4,1, , , 
2,49,39.6,9.4,42.5,28,-14.5,0,1,0,0,2,1,2,3,2,2,2,1,2,2,1,2,180,0,180,1,1, , , 
2,52,37.7,14.3,32.3,35,2.7,0,1,0,0,2,2,2,2,2,2,1,0,1,1,1,2,180,12,179,14,1, , , 
2,35,38.3,-3.3,56.4,34,-22.4,0,0,1,0,1,0,1,1,0,1,0,0,1,0,0,0,180,4,180,7,1, , , 
2,1, , , ,9, , ,0, ,0,1,0,1,2,1,1,0,0,1,0,0,1,180,9,180,5,1, , , 
2,50,44.1,5.9,81.1,69,-12.1,0,1,1,1,4,2,2,3,1,2,4,2,2,4,2,2,180,2,180,1,1, , , 
2,42,46.3,-4.3,45.7,54,8.3,0,0,0,1,1,1,2,2,1,1,3,2,2,3,1,1,180,0,180,0,1, , , 
2,50,55.3,-5.3,56.4,48,-8.4,1,1,1,1,2,1,1,2,1,2,2,1,1,2,1,1,180,0,180,0,1, , , 
2,71,71.8,-0.8,70.1,74,3.9,1,1,1,1,3,2,2,3,2,2,4,2,2,3,2,2,180,0,180,0,1, , , 
2,56,45.2,10.8,46.8,57,10.2,0,1,0,1,2,1,2,1,1,2,1,0,1,2,1,1,180,32,159,42,1, , , 
2,45,33.7,11.3,55.3,50,-5.3,0,0,1,1,3,2,2,3,2,2,3,2,2,3,2,2,180,1,180,1,1, , , 
2,40,37.7,2.3,24.2,39,14.8,0,0,0,0,1,1,2,2,0,2,1,0,1,1,1,2,180,6,180,13,1, , , 
2,34,34.4,-0.4,40.2,51,10.8,0,0,0,1,0,0,1,1,1,1,2,1,1,1,0,1,180,5,180,6,1, , , 
2,33,36.5,-3.5,56.4,41,-15.4,0,0,1,0,3,1,2,3,1,2,3,2,2,2,2,2,180,1,180,2,1, , , 
2,28,52.6,-24.6,53.2,57,3.8,1,0,1,1,1,0,1,4,2,2,2,0,1,3,1,1,180,15,180,1,1, , , 
2,67,75.8,-8.8,99,80,-19,1,1,1,1,0,0,1,2,1,2,4,2,2,4,2,2,180,7,180,1,1, , , 
2,43,51.6,-8.6,70.1,60,-10.1,1,0,1,1,1,0,0, , , ,3,2,2,3,2,2,180,13,180,19,1, , , 
2,76,78.2,-2.2,86.9,52,-34.9,1,1,1,1,3,1,2,2,1,1,2,1,2,1,1, ,180,12,180,29,1, , , 
3,5, , , ,46, , ,0, ,1, , , , , , ,2,2,2,4,2,2,147,11,163,5,0,60,30,1
3,30,53.7,-23.7,60.4,48,-12.4,1,0,1,1,2,1,1,1,0,1,2,1,1,1,1,1,163,2,163,1,0,130,65,1
3,19,29.9,-10.9,58.7,32,-26.7,0,0,1,0,4,2,2,4,2,2,3,1,2,3,2,2,163,1,163,1,0,127.5,63.75,1
3,56,64.9,-8.9,32.3,51,18.7,1,1,0,1,3,2,2,3,2,1,0,1,2,2,1,2,163,2,163,0,0,70,35,1
3,38,53.7,-15.7,45.7,50,4.3,1,0,0,1,0,0,0,2,1,2,0,0,1,0,0,1,163,3,161,8,0,155,77.5,1
3,30,33,-3,25.3,24,-1.3,0,0,0,0,3,2,1, , , ,1,1,0,0,1,1,163,14,163,12,0,65,32.5,1
3,44,55.3,-11.3,70.1,64,-6.1,1,0,1,1,4,2,2,4,2,2,3,2,2,3,2,2,163,6,163,1,0,65,32.5,1
3,42,29.9,12.1,43.6,45,1.4,0,0,0,1, , , , , , ,3,2,1,4,1,2,148,2,154,4,0,35,17.5,0
3,28,15.4,12.6,21.8,16,-5.8,0,0,0,0, , , , , , ,1,0,1,1,1,2,163,2,163,6,0,40,20,1
3,50,60.4,-10.4,63.5,48,-15.5,1,1,1,1,4,2,2,3,1,1,3,2,1,3,1,1,163,0,163,2,0,70,35,1
3,47,29.9,17.1,36.5,28,-8.5,0,1,0,0, , , , , , ,2,1,0,0,0,0,163,2,163,8,0,32.5,16.25,0
3,45,67.7,-22.7,56.4,57,0.6,1,0,1,1,2,1,1,3,1,1,2,1,0,1,1,0,163,11,163,10,0,32.5,16.25,0
3,42,53.7,-11.7,48.4,54,5.6,1,0,0,1,2,1,1,3,1,2,1,1,0,1,1,1,163,11,163,12,0,37.5,18.75,1
3,21,18.9,2.1,28.2,2,-26.2,0,0,0,0,2,0,1,3,2,2,0,0,0,0,0,1,163,0,163,2,0,35,17.5,0
3,42,51.1,-9.1,33,57,24,1,0,0,1,4,2,2,4,2,2,3,2,2,3,2,2,163,3,163,2,0,220,110,1
3,30,15.4,14.6,32.3,48,15.7,0,0,0,1,2,0,0,2,0,0,1,0,1,1,1,1,163,16,162,13,0,57.5,28.75,1
3,76,57.5,18.5,59.3,63,3.7,1,1,1,1,2,2,2,3,2,2,2,1,0,3,1,2,163,9,163,23,0,50,25,1
3,40,39.6,0.4,35.1,39,3.9,0,0,0,0,2,2,2,4,2,2,2,2,2,2,2,2,163,3,163,3,0,232.5,116.25,1
3,64,51.1,12.9,53.2,67,13.8,1,1,1,1,2,2,2,3,2,2,3,2,2,4,2,2,163,0,163,1,0,77.5,38.75,1
3,52,61.7,-9.7,41.3,43,1.7,1,1,0,0,0,0,1,0,0,1,1,1,2,1,1,2,163,7,163,10,0,27.5,13.75,0
3,1, , , ,15, , ,0, ,0, , , , , , ,0,0,0,0,0,1,163,7,162,0,0,50,25,1
3,30,28.2,1.8,34.4,32,-2.4,0,0,0,0,2,1,1,4,2,2,3,2,1,2,2,1,163,4,163,5,0,35,17.5,0
3,1,24.2,-23.2,40.2,36,-4.2,0,0,0,0,2,2,1,2,1,0,0,0,0,0,0,1,163,2,163,1,0,35,17.5,0
3,47,44.1,2.9,30.7,48,17.3,0,1,0,1,2,1,2,3,2,2,3,2,2,2,2,2,163,0,163,6,0,97.5,48.75,1
3,5, , , ,2, , ,0, ,0,3,2,2,4,2,2,3,2,2,3,2,2,163,0,163,1,0,40,20,1
3,92,86.9,5.1,71.8,98,26.2,1,1,1,1,4,1,1,3,2,1,2,1,1,3,1,1,163,1,163,2,0,82.5,41.25,1
3,40,43,-3,24.2,34,9.8,0,0,0,0,0,0,1,0,0,1,0,0,0,0,0,1,163,6,163,18,0,82.5,41.25,1
3,52,63.5,-11.5,46.8,42,-4.8,1,1,0,0,2,1,1,2,1,2,2,0,1,2,1,1,163,8,163,14,0,105,52.5,1
3,1, , , ,24, , ,0, ,0,0,0,0,2,0,1, , , , , , ,162,37,163,39,0,52.5,26.25,1
3,42,37.7,4.3,59.8,64,4.2,0,0,1,1,2,1,2,3,2,2,3,1,2,3,2,2,163,3,163,7,0,30,15,0
3,47,46.3,0.7,57.5,46,-11.5,0,1,1,1,4,2,2,2,1,1,3,0,1,2,0,1,163,1,163,3,0,47.5,23.75,1
3,47,58.1,-11.1,43.6,45,1.4,1,1,0,1,3,2,2,4,2,2,3,1,1,3,2,2,163,1,163,4,0,40,20,1
3,71,75.8,-4.8,73.7,69,-4.7,1,1,1,1,3,1,1,3,1,1,1,0,0,0,0,0,163,43,163,19,0,35,17.5,0
3,27,27.2,-0.2,40.2,39,-1.2,0,0,0,0,0,0,1,2,1,1,1,0,1,1,0,1,162,6,163,11,0,37.5,18.75,1
3,49,40.7,8.3,34.4,45,10.6,0,1,0,1,3,2,2,2,2,2,3,1,1,3,1,1,163,4,163,3,0,45,22.5,1
3,33, , , ,74, , ,0, ,1, , , ,3,2,2,3,1,1,4,2,2,161,0,163,1,0,112.5,56.25,1
3,55,51.6,3.4,61,52,-9,1,1,1,1,3,1,1,2,1,1,2,0,0,2,1,1,163,7,163,8,0,77.5,38.75,1
3,38,56.4,-18.4,47.9,50,2.1,1,0,0,1,0,0,0,1,0,0,0,0,0,0,0,1,163,12,163,5,0,40,20,1
3,64,64.9,-0.9,39,35,-4,1,1,0,0,0,0,2,2,1,2,1,0,0,2,2,2,163,24,161,18,0,45,22.5,1
3,34, , , ,57, , ,0, ,1, , , , , , ,3,2,2,3,2,2,163,7,163,12,0,85,42.5,1
3,50,39.6,10.4,35.8,31,-4.8,0,1,0,0, , , , , , ,3,1,2,3,2,2,163,1,163,8,0,45,22.5,1
3,5,30.7,-25.7,32.3,64,31.7,0,0,0,1,3,1,1,4,2,1,2,1,0,3,1,2,160,6,161,7,0,52.5,26.25,1
3,60,56.4,3.6,49.5,43,-6.5,1,1,0,0,2,1,2,2,0,1,3,1,2,2,1,2,163,10,163,11,0,80,40,1
3,60,56.4,3.6,48.4,57,8.6,1,1,0,1,4,2,2,3,2,2,1,1,2,2,2,2,163,9,163,21,0,157.5,78.75,1
3,60,42.5,17.5,35.1,54,18.9,0,1,0,1,2,1,2,2,1,2,4,2,2,3,2,2,163,1,163,1,0,82.5,41.25,1
3,21,18.9,2.1,18.9,15,-3.9,0,0,0,0,0,0,1,0,0,0,0,0,1,0,0,1,163,13,163,5,0,117.5,58.75,1
3,28,51.1,-23.1,39,45,6,1,0,0,1,3,1,2,4,2,2,1,1,2,2,0,1,163,12,163,12,0,145,72.5,1
3,27,57.5,-30.5,50.5,28,-22.5,1,0,0,0,4,2,1,3,1,2,2,1,1,2,0,1,163,5,163,6,0,150,75,1
3,17,24.2,-7.2,20.4,28,7.6,0,0,0,0, , , , , , ,0,0,0,0,0,0,163,13,163,7,0,137.5,68.75,1
3,12,1,11,20.4,15,-5.4,0,0,0,0,1,1,2,1,1,1,0,0,1,0,0,1,154,11,163,3,0,125,62.5,1
3,21,34.4,-13.4,23,31,8,0,0,0,0,2,2,1,1,0,1,0,0,0,1,0,0,163,24,163,32,0,45,22.5,1
3,35,50.5,-15.5,57.5,52,-5.5,1,0,1,1,3,2,2,2,1,2,0,0,0,2,1,2,163,4,163,6,0,32.5,16.25,0
3,52,56.4,-4.4,58.7,48,-10.7,1,1,1,1,4,2,2,4,2,1,2,2,2,1,1,2,163,0,163,0,0,210,105,1
3,36,25.3,10.7,17.3,51,33.7,0,0,0,1,2,1,2,2,1,0,1,0,1,0,0,1,163,5,163,3,0,52.5,26.25,1
3,16,23,-7,39,20,-19,0,0,0,0,2, , , , , ,2,2,1,2,2,2,163,12,163,6,0,47.5,23.75,1
3,45,41.9,3.1,15.4,2,-13.4,0,0,0,0,2,2,2,2,2,1,0,0,1,0,0,1,163,21,163,26,0,137.5,68.75,1
3,43,35.8,7.2,54.3,36,-18.3,0,0,1,0,3,2,1,3,2,2,2,1,1,3,2,2,163,2,163,2,0,180,90,1
3,5, , , , , , ,0, , ,4,2,2,4,2,1, , , , , , ,162,2,161,4,0,77.5,38.75,1
3,56,64.9,-8.9,67.7,54,-13.7,1,1,1,1,3,2,2,4,2,2,3,1,2,2,2,2,163,3,163,6,0,37.5,18.75,1
3,36,40.7,-4.7,35.1,42,6.9,0,0,0,0,2,1,2,2,2,2,2,1,1,2,1,1,163,5,163,6,0,62.5,31.25,1
3,1,24.2,-23.2,30.7,2,-28.7,0,0,0,0,2,1,0,2,0,0,2,1,1,2,1,1,163,11,163,8,0,52.5,26.25,1
3,35,23,12,53.2,50,-3.2,0,0,1,1,2,0,0,3,2,2,3,1,2,2,1,1,163,2,163,3,0,50,25,1
3,44,18.9,25.1,41.3,42,0.7,0,0,0,0, , , , , , ,4,2,2,4,2,2,145,1,163,1,0,42.5,21.25,1
3,30,50,-20,32.3,54,21.7,1,0,0,1,2,2,2,3,1,2,1,1,2,1,1,2,163,17,163,12,0,65,32.5,1
3,67,66.3,0.7,64.9,66,1.1,1,1,1,1,4,2,2,4,2,2,4,2,2,3,2,2,163,0,163,5,0,30,15,0
3,52,59.8,-7.8,46.8,57,10.2,1,1,0,1,4,2,2,3,2,2,3,2,2,3,2,2,163,6,163,19,0,60,30,1
3,71,52.6,18.4,66.3,57,-9.3,1,1,1,1,2,1,1,3,2,2,3,1,2,3,2,2,163,0,163,1,0,47.5,23.75,1
3,33,46.3,-13.3,44.7,43,-1.7,0,0,0,0,2,0,0,1,0,2,2,1,1,0,0,1,163,8,163,12,0,65,32.5,1
3,58,44.1,13.9,49.5,63,13.5,0,1,0,1,4,2,2,4,2,2,4,2,2,4,0,2,163,1,163,2,0,102.5,51.25,1
3,21,25.3,-4.3,30.7,28,-2.7,0,0,0,0,0,0,1,1,1,1,0,0,1,0,0,1,162,25,163,50,0,40,20,1
3,64,60.4,3.6,75.8,69,-6.8,1,1,1,1, , , ,4,2,2, , , ,4,2,2,138,0,163,0,0,242.5,121.25,1
3,74,72.8,1.2,89.6,75,-14.6,1,1,1,1,2,2,2,3,2,2,4,2,2,4,2,2,137,0,163,0,0,227.5,113.75,1
3,50,50.5,-0.5,40.2,15,-25.2,1,1,0,0,0,0,1,2,1,1,3,1,1,2,1,1,163,6,163,7,0,47.5,23.75,1
3,38,35.8,2.2,32.3,45,12.7,0,0,0,1,4,2,2,4,2,2,3,2,2,3,2,2,163,4,163,6,0,237.5,118.75,1
3,43,33.7,9.3,46.8,21,-25.8,0,0,0,0,4,2,1,3,1,0,0,0,1,0,1,1,163,5,163,4,0,37.5,18.75,1
3,28,20.4,7.6,44.7,16,-28.7,0,0,0,0,2,1,0,2,1,1,1,1,2,0,0,1,163,5,163,3,0,107.5,53.75,1
3,5, , , ,28, , ,0, ,0, , , , , , ,3,0,1,1,0,0,122,21,163,29,0,82.5,41.25,1
3,60,51.1,8.9,68.5,71,2.5,1,1,1,1,4,2,2,4,2,2,3,2,2,3,2,2,163,0,163,1,0,97.5,48.75,1
3,40, , , ,46, , ,0, ,1, , , , , , ,2,1,1,3,2,2,163,10,163,5,1, , , 
3,35,53.7,-18.7,60.4,43,-17.4,1,0,1,0,2,1,2,1,0,0,0,0,0,2,0,0,163,1,163,7,1, , , 
3,38,31.5,6.5,55.3,41,-14.3,0,0,1,0,2,1,1,2,1,1,2,0,0,4,2,1,163,0,163,0,1, , , 
3,60,63.5,-3.5,39,57,18,1,1,0,1,3,2,1,4,2,1,2,2,1,1,2,1,163,2,163,0,1, , , 
3,52,53.7,-1.7,43.6,64,20.4,1,1,0,1,3,2,2,3,2,2,1,1,2,1,1,2,163,1,163,2,1, , , 
3,28,33,-5,25.3,20,-5.3,0,0,0,0,3,2,2,2,2,1,1,1,2,1,1,2,163,12,163,8,1, , , 
3,71,55.3,15.7,70.1,63,-7.1,1,1,1,1,0,0,1,2,1,1,2,0,0,1,0,1,163,2,163,4,1, , , 
3,12,30.7,-18.7,43.6,50,6.4,0,0,0,1,1,0,1,2,1,1,2,1,1,1,0,1,163,19,163,27,1, , , 
3,11,15.4,-4.4,18.9,32,13.1,0,0,0,0,0,0,0,1,0,1,0,0,1,0,0,1,163,5,163,6,1, , , 
3,64,60.4,3.6,63.5,57,-6.5,1,1,1,1,2,1,1,2,1,1,2,1,2,2,2,2,163,2,163,2,1, , , 
3,32,29.9,2.1,35.1,42,6.9,0,0,0,0,3,1,1,3,2,2,4,2,2,4,2,1,163,3,163,0,1, , , 
3,64,67.7,-3.7,58.7,57,-1.7,1,1,1,1,2,1,1,2,1,2,3,2,2,4,2,2,163,10,161,7,1, , , 
3,33,53.7,-20.7,47.9,36,-11.9,1,0,0,0,2,1,2,2,1,2,2,1,1,2,1,1,163,0,163,0,1, , , 
3,1,18.9,-17.9,28.2,15,-13.2,0,0,0,0,1,0,1,1,0,1,2,1,1,2,0,1,84,4,163,5,1, , , 
3,43,51.6,-8.6,30.7,48,17.3,1,0,0,1,3,1,1,2,1,0,0,0,0,0,0,0,154,19,161,30,1, , , 
3,30,15.4,14.6,32.3,35,2.7,0,0,0,0,4,2,2,4,2,1,2,1,2,2,2,2,163,3,163,9,1, , , 
3,71,57.5,13.5,57.5,74,16.5,1,1,1,1,3,1,2,3,2,2,3,1,2,3,2,2,163,0,163,0,1, , , 
3,71,39.6,31.4,35.1,46,10.9,0,1,0,1,4,2,2,3,2,2,2,1,2,2,0,2,163,4,163,5,1, , , 
3,38,50.5,-12.5,52.1,41,-11.1,1,0,1,0,3,2,2,3,2,2,3,1,1,1,0,1,163,2,163,3,1, , , 
3,60,60.4,-0.4,41.3,55,13.7,1,1,0,1,3,2,2,3,2,2,4,2,2,2,0,1,163,2,163,4,1, , , 
3, , , , , , , , , , , , , , , , , , , , , , , , , , ,1, , , 
3,30,28.2,1.8,35.1,34,-1.1,0,0,0,0,1,0,0,3,1,1,2,1,1,1,1,1,163,23,163,42,1, , , 
3,19,24.2,-5.2,37.7,20,-17.7,0,0,0,0,1,0,0,1,0,1,1,1,0,1,0,0,163,14,163,11,1, , , 
3,32,44.1,-12.1,29.1,28,-1.1,0,0,0,0,3,1,2,2,2,2,3,1,1,2,1,1,163,6,163,12,1, , , 
3, , , , , , , , , , , , , , , , , , , , , , , , , , ,1, , , 
3,60,99,-39,68.5,60,-8.5,1,1,1,1,4,2,2,4,2,2,3,2,2,2,2,2,163,4,163,1,1, , , 
3,40,42.5,-2.5,20.4,42,21.6,0,0,0,0,1,0,1,1,0,2,1,0,0,0,0,0,163,6,163,13,1, , , 
3,49,63.5,-14.5,48.4,42,-6.4,1,1,0,0,3,2,1,3,2,2,1,1,2,1,1,1,163,2,162,5,1, , , 
3, , , , , , , , , , , , , , , , , , , , , , , , , , ,1, , , 
3,30,37.7,-7.7,55.3,60,4.7,0,0,1,1,3,1,1,2,1,1,3,2,2,2,2,2,163,3,163,4,1, , , 
3,55,46.3,8.7,56.4,60,3.6,0,1,1,1,3,1,2,2,1,1,2,1,2,3,2,2,163,0,163,2,1, , , 
3,60,58.1,1.9,44.7,35,-9.7,1,1,0,0,2,1,2,2,1,2,2,2,2,1,2,2,163,1,163,6,1, , , 
3,69,74.7,-5.7,74.7,60,-14.7,1,1,1,1,4,2,2,4,2,2,4,2,2,4,2,2,163,11,163,5,1, , , 
3,5,27.2,-22.2,41.3,28,-13.3,0,0,0,0,2,1,1,2,1,1,0,0,0,0,0,1,163,3,163,18,1, , , 
3,1,40.7,-39.7,35.1,28,-7.1,0,0,0,0,2,2,1,2,2,1,0,0,1,0,0,1,163,2,163,5,1, , , 
3, , , , , , , , , , , , , , , , , , , , , , , , , , ,1, , , 
3,55,51.6,3.4,60.4,39,-21.4,1,1,1,0,3,2,1,3,2,2,1,0,0,2,1,1,163,0,163,2,1, , , 
3,50,55.3,-5.3,47.9,43,-4.9,1,1,0,0,3,1,1,2,1,2,2,0,1,2,0,1,163,3,163,8,1, , , 
3,60,64.9,-4.9,40.2,48,7.8,1,1,0,1,4,1,1, , , ,0,0,1,1,1,1,157,13,163,6,1, , , 
3, , , , , , , , , , , , , , , , , , , , , , , , , , ,1, , , 
3,33,39.6,-6.6,35.8,39,3.2,0,0,0,0,1,0,1,2,1,1,1,0,0,1,0,0,163,7,163,7,1, , , 
3,25,30.7,-5.7,32.3,39,6.7,0,0,0,0, , , , , , ,4,2,2,3,2,2,163,0,163,0,1, , , 
3,47,56.4,-9.4,51.1,54,2.9,1,1,1,1,4,2,2,3,2,2,3,2,2,3,2,2,163,2,163,5,1, , , 
3,56,56.4,-0.4,51.1,54,2.9,1,1,1,1,2,1,2,2,1,2,2,0,0,3,2,2,163,11,163,19,1, , , 
3,36,42.5,-6.5,34.4,20,-14.4,0,0,0,0,4,2,1,4,2,2,2,2,2,3,2,2,163,16,163,7,1, , , 
3,42,18.9,23.1,18.9,42,23.1,0,0,0,0,3,1,1,2,1,1,1,1,1,2,1,1,163,3,162,6,1, , , 
3,23,51.1,-28.1,39,32,-7,1,0,0,0,2,2,1,4,2,1,2,1,1,3,2,2,163,39,163,13,1, , , 
3,55,57.5,-2.5,55.3,55,-0.3,1,1,1,1,3,2,2,0,0,0,2,0,1,0,0,0,163,40,163,47,1, , , 
3,24,24.2,-0.2,20.4,21,0.6,0,0,0,0,2,0,2,2,1,2,1,0,2,0,0,2,163,0,163,1,1, , , 
3,5,1,4,20.4,2,-18.4,0,0,0,0,1,0,0,0,0,1,0,0,0,0,0,0,163,4,163,13,1, , , 
3,49,34.4,14.6,25.3,28,2.7,0,1,0,0,3,2,1,2,1,2,0,1,1,0,0,0,163,27,163,19,1, , , 
3,30,50.5,-20.5,57.5,36,-21.5,1,0,1,0,2,2,2,2,2,2,2,1,2,2,1,2,163,8,163,12,1, , , 
3,44,56.4,-12.4,57.5,79,21.5,1,0,1,1,3,2,2,3,2,2,2,2,2,3,2,2,163,9,163,1,1, , , 
3,23,25.3,-2.3,20.4,16,-4.4,0,0,0,0,2,1,0,1,0,0,1,1,1,0,0,0,163,7,163,24,1, , , 
3,55,23,32,37.7,46,8.3,0,1,0,1,2,1,1,2,1,1,2,1,1,1,0,1,163,3,163,9,1, , , 
3,19,41.3,-22.3,17.3,35,17.7,0,0,0,0,3,1,1,2,0,1,2,2,2,0,0,1,119,13,146,13,1, , , 
3,34,35.8,-1.8,56.4,45,-11.4,0,0,1,1,2,2,2,2,1,1,2,2,2,2,2,2,163,5,163,8,1, , , 
3, , , , , , , , , , , , , , , , , , , , , , , , , , ,1, , , 
3,47,63.5,-16.5,67.7,84,16.3,1,1,1,1,4,2,2,4,2,2,3,2,2,2,2,2,163,0,163,0,1, , , 
3,1,40.7,-39.7,35.1,28,-7.1,0,0,0,0,2,2,1,2,2,1,0,0,1,0,0,1,163,2,163,5,1, , , 
3,21,24.2,-3.2,33,41,8,0,0,0,0,2,1,1,3,1,1,0,0,1,0,0,1,163,13,163,3,1, , , 
3,40,23,17,46.8,42,-4.8,0,0,0,0,1,0,1,1,0,2,2,1,0,3,1,0,163,3,163,6,1, , , 
3,1,18.9,-17.9,42.5,50,7.5,0,0,0,1,1,1,1,2,0,0,4,1,2,2,0,2,163,2,163,5,1, , , 
3,28,51.1,-23.1,39,45,6,1,0,0,1,3,1,2,4,2,2,1,1,2,2,0,1,163,12,163,12,1, , , 
3,74,67.7,6.3,61,67,6,1,1,1,1,4,1,2,4,2,2,3,2,2,3,1,2,163,2,163,2,1, , , 
3,52,59.8,-7.8,46.8,51,4.2,1,1,0,1,4,2,2,4,2,2,3,2,2,2,2,2,163,2,163,3,1, , , 
3,60,52.6,7.4,66.3,63,-3.3,1,1,1,1,0,0,1,3,2,2,0,0,2,4,2,2,163,14,162,15,1, , , 
3,5,46.3,-41.3,44.7,41,-3.7,0,0,0,0,2,1,2,1,1,1,2,1,1,2,1,1,163,10,163,3,1, , , 
3,44,44.1,-0.1,50,57,7,0,0,0,1,1,0,1,2,1,1,2,1,0,2,0,0,163,2,163,23,1, , , 
3,35,25.3,9.7,30.7,15,-15.7,0,0,0,0,1,0,0,1,0,1,0,0,1,1,1,1,163,8,163,4,1, , , 
3,71,61.7,9.3,73.7,69,-4.7,1,1,1,1,4,2,2,4,2,2,3,1,2,3,1,1,163,3,163,7,1, , , 
3,69,72.8,-3.8,89.6,64,-25.6,1,1,1,1,2,1,2,1,0,0,1,0,1,0,0,1,163,18,161,28,1, , , 
3,50,50.5,-0.5,40.2,9,-31.2,1,1,0,0,2,1,2,1,1,1,0,0,0,0,0,0,162,7,163,16,1, , , 
3,28,35.8,-7.8,33,42,9,0,0,0,0,3,0,1,3,1,1,3,2,1,3,1,1,163,10,163,5,1, , , 
3,33,33.7,-0.7,45.7,46,0.3,0,0,0,1,0,0,1,0,0,1,4,2,1,0,0,1,163,1,163,3,1, , , 
3,28,20.4,7.6,42.5,39,-3.5,0,0,0,0,4,2,2,4,2,2,2,1,1,3,2,2,163,12,163,9,1, , , 
3, , , , , , , , , , , , , , , , , , , , , , , , , , ,1, , , 
3,50,51.6,-1.6,66.3,63,-3.3,1,1,1,1,4,2,1,3,2,2,2,2,1,2,2,1,163,5,163,8,1, , , 
4,52,72.8,-20.8,86.9,71,-15.9,1,1,1,1,4,2,2,4,2,2,4,2,2,4,2,2,163,0,163,3,0,2,1,0
4,50,64.9,-14.9,67.7,46,-21.7,1,1,1,1,4, ,2,4,2,2,4,2,2,4,2,2,163,1,163,2,0,24,12,0
4,50,44.1,5.9,53.2,36,-17.2,0,1,1,0,2,0,2,1,1,2,2,2,2,2,2,1,163,0,163,0,0,28,14,0
4,69,55.3,13.7,65.6,51,-14.6,1,1,1,1,2,1,1,2,1,2,3,2,2,0,0,0,163,0,163,0,0,77,38.5,1
4,92,86.9,5.1,99,80,-19,1,1,1,1,2,0,1,1,0,1,3,1,2,2,1,1,204,0,163,1,0,38,19,1
4,50,57.5,-7.5,56.4,66,9.6,1,1,1,1,3,1,2,2,1,2,4,2,2,3,2,2,162,2,163,1,0,4,2,0
4,43,31.5,11.5,70.1,46,-24.1,0,0,1,1,3,2,1,3,2,0,4,1,0,4,1,0,163,6,163,0,0,1,0.5,0
4,64,49.5,14.5,67.7,41,-26.7,1,1,1,0,3,2,2,2,2,2,4,2,2,4,1,2,163,13,163,11,0,1,0.5,0
4,43,46.3,-3.3,45.7,48,2.3,0,0,0,1,2,1,2,3,2,2,2,1,1,2,1,2,163,13,163,16,0,4,2,0
4,40,44.1,-4.1,68.5,60,-8.5,0,0,1,1, , , ,4,2,2, , , ,1,1,0,147,20,94,7,0,36,18,1
4,40,29.1,10.9,41.3,34,-7.3,0,0,0,0,4,2,2,4,2,2,3,1,2,2,1,2,163,5,163,4,0,2,1,0
4,55,45.2,9.8,60.4,48,-12.4,0,1,1,1,3,2,1,3,2,2,4,2,2,4,2,2,163,6,163,5,0,64,32,1
4,55,56.4,-1.4,53.2,34,-19.2,1,1,1,0,4,2,2,4,2,2,3,2,2,4,2,2,163,2,163,0,0,6,3,0
4,76,79.6,-3.6,86.9,90,3.1,1,1,1,1,3,2,2,3,1,2,4,2,2,3,2,2,163,9,163,12,0,2,1,0
4,55,56.4,-1.4,47.9,34,-13.9,1,1,0,0,4,2,2,4,2,2,4,2,2,3,2,2,163,2,163,3,0,22,11,0
4,50,60.4,-10.4,32.3,39,6.7,1,1,0,0,1,0,1,1,0,1,1,0,0,1,1,1,163,27,163,20,0,70,35,1
4,47,53.7,-6.7,36.5,28,-8.5,1,1,0,0,3,2,2,1,0,1,1,1,0,1,1,2,163,29,163,7,0,32,16,0
4,45,34.4,10.6,41.3,36,-5.3,0,0,0,0, , , ,0,0,1, , , ,0,0,1,161,34,72,17,0,2,1,0
4,67,56.4,10.6,57.5,50,-7.5,1,1,1,1,3,1,2,2,1,1,3,1,1,3,2,1,162,2,163,2,0,6,3,0
4,92,79.6,12.4,89.6,74,-15.6,1,1,1,1,4,2,2,4,2,2,4,2,2,4,2,2,163,4,163,4,0,2,1,0
4,40,41.9,-1.9,46.8,36,-10.8,0,0,0,0,3,1,2,2,0,1,3,1,1,1,0,0,163,13,163,10,0,4,2,0
4,64,70.1,-6.1,84.6,90,5.4,1,1,1,1,4,2,2,4,2,2,4,2,2,4,2,2,163,0,163,0,0,2,1,0
4,52,45.2,6.8,50.5,52,1.5,0,1,0,1,3,2,1,3,1,2,3,2,2,3,2,2,163,6,163,16,0,21,10.5,0
4,55,51.6,3.4,42.5,21,-21.5,1,1,0,0,3,1,1,2,1,1,2,1,1,1,1,1,163,4,163,12,0,5,2.5,0
4,60,71.8,-11.8,62.9,66,3.1,1,1,1,1,2,1,1,2,1,1,3,0,1,3,2,2,163,3,163,9,0,8,4,0
4,69,66.3,2.7,50,54,4,1,1,0,1,3,2,2,2,1,1,4,2,2,3,2,2,163,33,163,13,0,16,8,0
4,45,36.5,8.5,39,28,-11,0,0,0,0,2,1,1,3,1,1,3,2,2,4,2,2,162,5,163,7,0,6,3,0
4,71,75.8,-4.8,93.3,69,-24.3,1,1,1,1,4,2,2,3,2,1,4,2,1,4,2,1,163,2,163,1,0,36,18,1
4,67,55.3,11.7,54.3,48,-6.3,1,1,1,1,3,2,1,2,1,0,3,2,1,1,1,1,163,4,163,1,0,2,1,0
4,82,99,-17,99,90,-9,1,1,1,1,2,0,1,2,1,1,3,2,2,3,2,2,163,2,163,11,0,2,1,0
4,42,44.1,-2.1,50,16,-34,0,0,0,0,1,1,1,1,1,1,0,0,0,3,2,2,121,15,163,19,0,1,0.5,0
4,76,41.9,34.1,28.2,24,-4.2,0,1,0,0,1,0,0,1,0,1,1,1,0,1,1,1,163,10,163,5,0,8,4,0
4,42,42.5,-0.5,34.4,42,7.6,0,0,0,0,1,1,1,0,1,1,3,2,2,1,2,2,163,13,163,20,0,8,4,0
4,43,50.5,-7.5,42.5,48,5.5,1,0,0,1,3,2,2,1,0,2,2,1,0,2,2,0,163,4,163,6,0,1,0.5,0
4,40,42.5,-2.5,29.1,20,-9.1,0,0,0,0,1,0,1,1,0,1,3,2,2,3,2,2,163,2,163,2,0,5,2.5,0
4,71,84.6,-13.6,64.9,52,-12.9,1,1,1,1,2,1,2,2,1,2,2,1,2,2,1,1,163,4,163,7,0,60,30,1
4,82,82.7,-0.7,70.9,63,-7.9,1,1,1,1,3,2,2,3,1,2,4,2,2,4,2,2,163,7,163,7,0,1,0.5,0
4,44,40.7,3.3,50,35,-15,0,0,0,0,1,0,1,3,1,2,3,2,2,3,2,2,163,2,163,1,0,7,3.5,0
4,60,55.3,4.7,60.4,39,-21.4,1,1,1,0,2,1,2,3,1,2,3,1,2,3,2,2,204,3,163,0,0,4,2,0
4,55,47.4,7.6,49.5,50,0.5,0,1,0,1,2,1,1,2,1,2,3,0,0,3,0,2,163,4,163,14,0,65,32.5,1
4,99,93.3,5.7,99,69,-30,1,1,1,1,4,2,2,4,2,2,3,1,1,2,0,1,163,14,163,15,0,10,5,0
4,58,52.6,5.4,49.5,41,-8.5,1,1,0,0,4,2,2,2,1,2,3,2,2,3,2,2,159,18,163,19,0,96,48,1
4,76,78.2,-2.2,70.1,50,-20.1,1,1,1,1,3,1,2,3,1,2,2,0,1,2,1,1,163,4,163,6,0,46,23,1
4,50,50.5,-0.5,29.1,39,9.9,1,1,0,0,2,2,1,1,0,1,2,1,2,2,2,2,163,10,163,8,0,8,4,0
4,64,56.4,7.6,55.3,45,-10.3,1,1,1,1,4,2,2,4,1,2,3,2,1,3,2,2,163,6,163,2,0,2,1,0
4,38,51.6,-13.6,86.9,66,-20.9,1,0,1,1,2,0,1,0,0,1,3,1,2,3,1,1,163,0,163,0,0,2,1,0
4,56, , , ,51, , ,1, ,1,4,2,2,2,2,2,3,2,1,4,2,1,155,13,163,8,0,32,16,0
4,92,86.9,5.1,99,90,-9,1,1,1,1,4,2,2,4,2,2,4,2,2,3,2,2,163,3,163,5,0,46,23,1
4,60,67.7,-7.7,73.7,63,-10.7,1,1,1,1,4,2,2,4,2,2,4,2,2,4,2,2,163,0,162,5,0,6,3,0
4,60,61.7,-1.7,93.3,74,-19.3,1,1,1,1,3,2,2,3,1,2,4,1,2,4,2,2,163,1,163,8,0,76,38,1
4,60,55.3,4.7,42.5,39,-3.5,1,1,0,0,3,2,2,3,2,2,4,2,2,4,2,2,163,0,163,2,0,64,32,1
4,47,48.4,-1.4,71.8,75,3.2,0,1,1,1,2,1,2,3,1,2,4,2,2,4,2,2,163,9,163,8,0,17,8.5,0
4,92,70.1,21.9,89.6,74,-15.6,1,1,1,1,4,2,2,4,2,2,4,2,2,4,2,2,163,0,163,0,0,32,16,0
4,71,73.7,-2.7,86.9,48,-38.9,1,1,1,1,2,1,2,0,0,1,2,2,2,1,1,1,163,1,163,3,1, , , 
4,67,64.9,2.1,67.7,39,-28.7,1,1,1,0,3,1,1,0,0,1,2,1,1,0,0,1,163,14,163,17,1, , , 
4,30,44.1,-14.1,53.2,36,-17.2,0,0,1,0,3,2,2,3,1,2,3,2,2,4,2,2,163,14,163,5,1, , , 
4,55,55.3,-0.3,66.3,60,-6.3,1,1,1,1,2,1,1,1,1,1,3,1,1,2,1,1,163,9,163,14,1, , , 
4,58,86.9,-28.9,89.6,66,-23.6,1,1,1,1,3,2,2,4,2,2,3,1,2,4,2,1,163,5,163,1,1, , , 
4,43,57.5,-14.5,56.4,31,-25.4,1,0,1,0,3,1,2,2,0,1,3,2,2,3,1,2,163,6,163,3,1, , , 
4,32,31.5,0.5,64.2,57,-7.2,0,0,1,1,2,1,1,2,1,2,2,1,1,3,2,2,163,6,163,2,1, , , 
4,64,49.5,14.5,64.9,46,-18.9,1,1,1,1,4,2,2,4,2,2,4,2,2,4,2,2,163,2,163,1,1, , , 
4,52,46.3,5.7,45.7,51,5.3,0,1,0,1,0,0,0,1,1,1,1,2,2,1,1,2,163,10,163,17,1, , , 
4,44,44.1,-0.1,67,54,-13,0,0,1,1,4,2,2,4,2,2,4,2,2,4,2,2,150,4,163,1,1, , , 
4,21,29.1,-8.1,41.3,39,-2.3,0,0,0,0,4,1,1,4,2,1,2,0,1,3,1,2,163,5,163,8,1, , , 
4,38,45.2,-7.2,56.4,31,-25.4,0,0,1,0,2,1,0,3,2,2,4,1,2,2,0,1,163,2,163,5,1, , , 
4,60,56.4,3.6,51.1,45,-6.1,1,1,1,1,4,2,2,4,2,2,3,2,2,3,2,2,163,7,163,9,1, , , 
4,76,78.2,-2.2,89.6,80,-9.6,1,1,1,1,4,2,2,4,2,2,3,2,2,3,1,2,163,2,163,0,1, , , 
4,43,56.4,-13.4,47.9,39,-8.9,1,0,0,0,3,1,1,2,2,1,2,2,2,4,2,1,163,4,163,5,1, , , 
4,52,59.8,-7.8,33,20,-13,1,1,0,0,4,2,2,4,2,2,3,2,2,2,1,1,120,1,163,3,1, , , 
4,21,53.7,-32.7,35.1,2,-33.1,1,0,0,0,0,0,0,0,0,0,0,0,0,0,0,0,163,18,163,36,1, , , 
4,60,34.4,25.6,41.3,36,-5.3,0,1,0,0,0,1,2,0,0,1,1,0,1,1,0,1,163,4,163,2,1, , , 
4,38,56.4,-18.4,59.3,48,-11.3,1,0,1,1,1,1,0,2,2,2,0,1,1,1,0,1,163,10,163,18,1, , , 
4,64,79.6,-15.6,82.7,60,-22.7,1,1,1,1,4,2,2,3,1,2,2,1,1,2,1,1,163,6,163,10,1, , , 
4,38,41.9,-3.9,46.8,46,-0.8,0,0,0,1,2,2,1,2,0,1,2,0,1,2,0,1,163,12,163,16,1, , , 
4,55,70.1,-15.1,82.7,63,-19.7,1,1,1,1,4,2,2,4,2,2,4,2,2,4,2,1,163,6,163,8,1, , , 
4,35,45.2,-10.2,50.5,31,-19.5,0,0,0,0,3,2,2,2,2,1,4,2,2,3,2,0,163,19,163,2,1, , , 
4,43,51.6,-8.6,41.3,39,-2.3,1,0,0,0,2,1,1,2,2,2,1,0,1,1,0,1,163,15,163,12,1, , , 
4,82,71.8,10.2,62.9,60,-2.9,1,1,1,1,1,0,1,2,0,1,2,1,1,2,1,1,163,2,163,2,1, , , 
4,56,66.3,-10.3,51.1,51,-0.1,1,1,1,1,3,2,2,3,2,2,4,2,2,3,2,2,163,2,163,7,1, , , 
4,24,36.5,-12.5,39,39,0,0,0,0,0,2,2,2,1,1,0,3,2,2,3,2,1,163,0,163,6,1, , , 
4,71,75.8,-4.8,93.3,66,-27.3,1,1,1,1,4,2,2,4,2,2,4,2,2,4,2,2,163,1,163,2,1, , , 
4,35,55.3,-20.3,52.1,36,-16.1,1,0,1,0,2,2,2,2,2,2,2,0,1,2,0,1,163,26,163,4,1, , , 
4,92,99,-7,99,74,-25,1,1,1,1,4,2,2,4,2,2,4,2,2,4,2,2,163,6,163,6,1, , , 
4,38,44.1,-6.1,50.5,15,-35.5,0,0,0,0,2,1,1,2,2,1,2,2,2,1,0,2,163,13,163,12,1, , , 
4,33,41.9,-8.9,27.2,15,-12.2,0,0,0,0,1,0,0,1,0,1,2,1,0,2,1,1,163,15,163,7,1, , , 
4,19,42.5,-23.5,32.3,42,9.7,0,0,0,0,3,1,1,3,2,2,1,1,1,1,0,0,163,19,163,9,1, , , 
4,35,50.5,-15.5,41.3,31,-10.3,1,0,0,0,1,0,0,2,1,1,1,1,1,1,0,1,163,4,163,9,1, , , 
4,38,42.5,-4.5,29.1,45,15.9,0,0,0,1,1,0,1,2,1,1,2,1,1,1,1,1,163,16,163,8,1, , , 
4,67,84.6,-17.6,61,50,-11,1,1,1,1,4,2,2,4,2,2,4,2,2,3,2,2,163,1,163,2,1, , , 
4,92,82.7,9.3,66.3,66,-0.3,1,1,1,1,4,2,2,4,2,2,4,2,2,4,2,2,163,0,163,0,1, , , 
4,50,40.7,9.3,49.5,31,-18.5,0,1,0,0,2,1,1,0,0,0,1,1,1,2,0,0,163,6,163,8,1, , , 
4,71,55.3,15.7,61,50,-11,1,1,1,1,4,1,0,4,2,2,4,2,1,4,2,1,163,12,163,7,1, , , 
4,36,47.4,-11.4,50,51,1,0,0,0,1,4,1,2,3,0,1,3,1,1,2,1,1,163,4,163,3,1, , , 
4,81,93.3,-12.3,99,79,-20,1,1,1,1,4,2,2,4,2,2,4,2,2,3,1,2,163,9,163,6,1, , , 
4,49,52.6,-3.6,50,42,-8,1,1,0,0,1,1,1,2,2,1,3,2,2,2,1,1,153,13,163,17,1, , , 
4,69,78.2,-9.2,70.1,64,-6.1,1,1,1,1,1,0,1,1,0,1,4,2,2,1,1,2,54,3,163,32,1, , , 
4,52,49.5,2.5,35.1,39,3.9,1,1,0,0,3,1,1,2,1,2,4,2,2,2,1,2,163,9,158,13,1, , , 
4,67,56.4,10.6,57.5,50,-7.5,1,1,1,1,3,1,2,2,1,1,3,1,1,3,2,1,162,2,163,2,1, , , 
4,64,51.6,12.4,82.7,52,-30.7,1,1,1,1,4,2,2,3,2,2,3,2,2,3,2,2,163,0,163,1,1, , , 
4,24, , , ,9, , ,0, ,0,4,2,2,3,1,2,3,2,2,1,1,1,163,13,163,10,1, , , 
4,67,89.6,-22.6,70.1,52,-18.1,1,1,1,1,3,1,2,4,2,2,2,1,2,2,1,2,163,10,163,4,1, , , 
4,49,67.7,-18.7,74.7,54,-20.7,1,1,1,1,3,1,2,2,1,2,3,2,2,3,1,2,163,6,163,7,1, , , 
4,58,61.7,-3.7,84.6,90,5.4,1,1,1,1,2,0,0,1,0,0,1,0,0,0,0,1,163,16,163,17,1, , , 
4,44,55.3,-11.3,42.5,45,2.5,1,0,0,1,3,2,2,2,1,1,2,1,1,1,1,2,163,13,163,5,1, , , 
4,44,48.4,-4.4,70.1,45,-25.1,0,0,1,1,1,0,1,1,0,1,4,2,2,1,1,2,163,1,163,3,1, , , 
4,64,70.1,-6.1,84.6,90,5.4,1,1,1,1,4,2,2,4,2,2,4,2,2,4,2,2,163,0,163,0,1, , , 