Ob,WageNew
1,15641
2,14156
3,9116
4,9574
5,14335
6,8594
7,3003
8,10317
9,14404
10,1485
11,9816
12,14480
13,3208
14,15122
15,3626
16,880
17,10412
18,16044
19,700
20,8430
21,5841
22,11989
23,9933
24,17838
25,8749
26,13688
27,931
28,144
29,12869
30,13462
31,13565
32,16820
33,17368
34,12744
35,16122
36,6890
37,9426
38,3280
39,17894
40,2958
41,11788
42,8149
43,5451
44,1850
45,7004
46,10530
47,4291
48,4486
49,11394
50,18048
51,11015
52,6377
53,14241
54,326
55,10835
56,3060
57,7338
58,2948
59,9146
60,1392
61,8927
62,10893
63,12604
64,3333
65,10203
66,1649
67,14737
68,6793
69,7955
70,9874
71,12889
72,3173
73,9456
74,969
75,6508
76,1760
77,17706
78,9162
79,14088
80,9564
81,8014
82,13655
83,6021
84,6639
85,7874
86,15254
87,16566
88,13214
89,18133
90,14794
91,11014
92,13829
93,3387
94,10419
95,3897
96,14565
97,15665
98,18079
99,16594
100,6983
101,3882
102,18198
103,13029
104,11909
105,14890
106,16160
107,14789
108,11529
109,436
110,6349
111,11360
112,1291
113,2035
114,9418
115,4863
116,3861
117,5397
118,8422
119,6558
120,10185
121,9290
122,13505
123,11797
124,17567
125,1963
126,10287
127,13770
128,16169
129,6807
130,6370
131,14683
132,16202
133,1019
134,4883
135,18122
136,2318
137,16580
138,5557
139,17548
140,3090
141,7631
142,5845
143,9223
144,10750
145,6078
146,14086
147,8343
148,6236
149,13996
150,13607
151,11729
152,5372
153,15603
154,8279
155,2330
156,9963
157,12609
158,11872
159,10863
160,4377
161,2065
162,8533
163,15472
164,7285
165,11622
166,16807
167,7957
168,4415
169,10109
170,5708
171,9661
172,4493
173,14006
174,7113
175,2197
176,14819
177,4502
178,5808
179,178
180,4559
181,10694
182,17766
183,17959
184,10384
185,15883
186,581
187,4791
188,13279
189,8388
190,10696
191,8813
192,9812
193,11164
194,17978
195,2214
196,6879
197,17587
198,6495
199,8345
200,7251
201,8292
202,6884
203,11386
204,4147
205,5186
206,2509
207,2622
208,3673
209,13192
210,3233
211,16680
212,17160
213,14976
214,12299
215,11751
216,4898
217,7761
218,10549
219,5188
220,11819
221,4499
222,13072
223,8532
224,2057
225,14781
226,16927
227,14130
228,16596
229,10727
230,6628
231,4643
232,1776
233,3983
234,37
235,10488
236,9500
237,15969
238,7876
239,229
240,1252
241,9596
242,7480
243,4186
244,783
245,637
246,6425
247,12921
248,3918
249,7128
250,13597
251,3556
252,1757
253,10448
254,11239
255,8743
256,7618
257,6303
258,7801
259,16273
260,2403
261,8999
262,6029
263,13795
264,2165
265,13568
266,10615
267,11730
268,11566
269,13738
270,17931
271,17014
272,32
273,8560
274,15078
275,6220
276,4678
277,18161
278,438
279,15514
280,10127
281,5721
282,9669
283,17549
284,61
285,13748
286,15987
287,17091
288,12730
289,12239
290,11601
291,16195
292,17181
293,9847
294,15981
295,16152
296,12646
297,6457
298,2900
299,4737
300,9061
301,3912
302,17017
303,7253
304,4805
305,13775
306,2402
307,4717
308,5112
309,16088
310,3194
311,4495
312,10422
313,3650
314,12705
315,12758
316,1176
317,218
318,1707
319,211
320,9777
321,14705
322,12903
323,7067
324,17042
325,10604
326,2674
327,6074
328,8038
329,206
330,10275
331,631
332,16632
333,4279
334,11542
335,17099
336,3417
337,6795
338,17890
339,2008
340,13516
341,11165
342,6038
343,16635
344,16039
345,16208
346,3276
347,1219
348,7633
349,12622
350,16187
351,11496
352,12018
353,1778
354,9619
355,11548
356,7410
357,812
358,13092
359,14985
360,6275
361,3780
362,7842
363,10905
364,8033
365,13052
366,8654
367,16958
368,10792
369,7562
370,6456
371,1724
372,11807
373,3726
374,4658
375,15977
376,6098
377,11820
378,4837
379,15785
380,2919
381,12760
382,838
383,12270
384,7729
385,12503
386,11710
387,7027
388,15951
389,3037
390,120
391,15948
392,8657
393,9425
394,8124
395,5019
396,15638
397,929
398,17453
399,7370
400,4950
401,16211
402,12558
403,17379
404,8497
405,7437
406,396
407,14205
408,16132
409,10848
410,15253
411,13813
412,16986
413,7438
414,15842
415,7797
416,10664
417,14216
418,2712
419,12963
420,1318
421,9920
422,11467
423,17733
424,10464
425,12971
426,3733
427,10311
428,3833
429,9943
430,12466
431,15922
432,18010
433,8729
434,2373
435,3470
436,651
437,1677
438,12337
439,10953
440,1235
441,15257
442,17425
443,10397
444,11151
445,6956
446,17382
447,5503
448,12407
449,12079
450,9283
451,17831
452,4796
453,311
454,16911
455,15313
456,5495
457,12490
458,11524
459,14128
460,9093
461,13716
462,16133
463,16786
464,4953
465,868
466,7309
467,12930
468,16722
469,12920
470,16218
471,17085
472,5177
473,6482
474,12078
475,12716
476,6408
477,11157
478,3295
479,12749
480,2462
481,6764
482,9804
483,370
484,7180
485,295
486,11958
487,12674
488,9913
489,6504
490,12447
491,6356
492,7728
493,5730
494,14320
495,9608
496,11274
497,2559
498,1959
499,11981
500,9912
501,8727
502,13859
503,3426
504,3439
505,16833
506,11519
507,9626
508,4417
509,9748
510,4205
511,17863
512,1823
513,14561
514,7668
515,13526
516,15809
517,1596
518,12703
519,1195
520,10950
521,16105
522,1016
523,14079
524,4070
525,2419
526,767
527,8164
528,6170
529,4345
530,2096
531,13511
532,7467
533,1487
534,14278
535,7178
536,6829
537,2792
538,16126
539,12038
540,12306
541,5118
542,9102
543,17147
544,14974
545,10114
546,1770
547,17126
548,4037
549,3050
550,3054
551,16455
552,8080
553,16869
554,12563
555,12291
556,11719
557,7768
558,7616
559,16567
560,16040
561,12384
562,944
563,11433
564,3697
565,7707
566,12118
567,6193
568,128
569,12916
570,11621
571,13555
572,8266
573,4666
574,970
575,7762
576,4207
577,246
578,15615
579,13496
580,16235
581,10849
582,9688
583,2754
584,11218
585,8091
586,1386
587,6647
588,4771
589,15044
590,3763
591,6716
592,4734
593,8246
594,16665
595,5395
596,125
597,7158
598,5826
599,9817
600,8314
601,4195
602,2769
603,4241
604,9010
605,16382
606,6406
607,2534
608,7148
609,12009
610,14251
611,14135
612,13501
613,2342
614,17352
615,15643
616,12200
617,7068
618,12080
619,7900
620,15343
621,14590
622,9948
623,11657
624,1687
625,11288
626,13937
627,1566
628,13053
629,16581
630,2395
631,10856
632,16215
633,3153
634,3515
635,6984
636,14944
637,10865
638,11518
639,15031
640,12980
641,2735
642,14215
643,13803
644,2171
645,9103
646,13461
647,16314
648,391
649,1324
650,7264
651,16331
652,8742
653,7112
654,79
655,11275
656,11696
657,1588
658,8937
659,17725
660,5327
661,17060
662,10216
663,2770
664,4350
665,2634
666,7531
667,8479
668,18063
669,8858
670,15046
671,68
672,3422
673,17304
674,10442
675,16756
676,7282
677,13051
678,8457
679,13148
680,4053
681,6429
682,16995
683,14481
684,10625
685,1130
686,980
687,12897
688,10253
689,17589
690,4613
691,16830
692,9788
693,4477
694,10763
695,599
696,17910
697,2257
698,6849
699,12024
700,6171
701,4804
702,779
703,6812
704,2100
705,18088
706,7320
707,16997
708,15594
709,2752
710,4162
711,7096
712,2961
713,13546
714,4962
715,13169
716,15761
717,3466
718,11040
719,16315
720,5994
721,2185
722,4523
723,2764
724,5758
725,15045
726,6672
727,16148
728,9051
729,624
730,12143
731,14322
732,5506
733,7431
734,16535
735,17771
736,6607
737,15523
738,4150
739,11034
740,8165
741,2061
742,7983
743,10260
744,7710
745,14449
746,8351
747,7776
748,6998
749,4163
750,4691
751,15990
752,15983
753,11106
754,8151
755,7984
756,18145
757,8294
758,7622
759,3380
760,7331
761,3325
762,12267
763,15184
764,4008
765,5084
766,11163
767,13005
768,8961
769,14327
770,5120
771,17321
772,7476
773,9701
774,3157
775,10174
776,9745
777,6070
778,16789
779,17333
780,2891
781,17443
782,13658
783,11678
784,3435
785,15180
786,15336
787,4060
788,7560
789,12063
790,9704
791,1091
792,2648
793,4384
794,18001
795,2594
796,5520
797,18103
798,5816
799,4649
800,14505
801,3944
802,6973
803,12395
804,10024
805,6554
806,116
807,12725
808,180
809,17302
810,5667
811,17028
812,17446
813,10291
814,15100
815,7822
816,16699
817,3388
818,16745
819,7888
820,17120
821,383
822,4148
823,9579
824,3210
825,5407
826,17424
827,15657
828,13327
829,5586
830,780
831,5238
832,8090
833,15131
834,13060
835,14289
836,11912
837,1990
838,5378
839,8056
840,17104
841,11192
842,10764
843,16959
844,17948
845,9919
846,3270
847,4948
848,16387
849,6537
850,520
851,14300
852,12348
853,7746
854,10716
855,10336
856,7025
857,17726
858,3953
859,9281
860,3638
861,11319
862,12625
863,2865
864,17541
865,16231
866,3262
867,7752
868,12536
869,270
870,17878
871,7389
872,1018
873,17653
874,9145
875,12787
876,13340
877,13026
878,8620
879,17004
880,533
881,7107
882,2023
883,15059
884,14798
885,3777
886,9731
887,9076
888,17535
889,2420
890,5606
891,10891
892,17075
893,13671
894,11996
895,9468
896,7490
897,10569
898,14131
899,5354
900,12651
901,4561
902,6866
903,10686
904,13104
905,11904
906,9718
907,5090
908,14256
909,12829
910,14434
911,14104
912,680
913,10726
914,13067
915,2968
916,17651
917,3497
918,1717
919,1802
920,4006
921,14409
922,12194
923,15306
924,4341
925,17266
926,1282
927,2228
928,5508
929,5634
930,6490
931,10626
932,1254
933,5618
934,8508
935,377
936,14531
937,7750
938,13757
939,2192
940,2686
941,7911
942,657
943,14687
944,5427
945,16818
946,5333
947,3688
948,3161
949,232
950,2811
951,3655
952,12036
953,11815
954,13545
955,8359
956,15629
957,2396
958,11971
959,11316
960,4424
961,12017
962,3845
963,16755
964,1876
965,17195
966,15734
967,18101
968,736
969,5657
970,15485
971,13476
972,5998
973,2302
974,7502
975,2595
976,9770
977,11803
978,15814
979,6445
980,4321
981,8447
982,14378
983,4739
984,17280
985,1809
986,9910
987,12218
988,847
989,14430
990,14966
991,5608
992,9416
993,8284
994,14049
995,2827
996,297
997,10967
998,15412
999,14395
1000,1532
1001,4362
1002,11365
1003,4842
1004,8906
1005,2000
1006,8131
1007,14057
1008,18012
1009,5411
1010,7939
1011,7970
1012,10245
1013,9764
1014,15441
1015,14544
1016,10939
1017,10620
1018,3930
1019,4696
1020,4325
1021,16513
1022,6789
1023,5563
1024,12156
1025,16068
1026,5291
1027,8745
1028,3687
1029,9530
1030,11764
1031,3809
1032,11419
1033,4123
1034,16063
1035,13662
1036,3068
1037,14983
1038,6192
1039,3005
1040,13891
1041,13826
1042,5290
1043,13441
1044,14336
1045,16100
1046,775
1047,12999
1048,13215
1049,14929
1050,5889
1051,2296
1052,10518
1053,2542
1054,615
1055,16248
1056,2478
1057,12110
1058,8280
1059,5763
1060,1096
1061,16487
1062,1048
1063,9785
1064,14867
1065,7944
1066,10453
1067,1004
1068,14657
1069,15326
1070,17730
1071,9348
1072,6123
1073,6155
1074,17521
1075,1832
1076,13110
1077,12432
1078,10934
1079,14043
1080,13318
1081,16278
1082,4475
1083,11402
1084,15161
1085,18031
1086,4464
1087,11415
1088,2619
1089,6291
1090,1698
1091,7106
1092,3540
1093,14717
1094,18087
1095,17968
1096,14602
1097,4533
1098,17157
1099,10364
1100,9529
1101,738
1102,630
1103,13160
1104,16540
1105,12111
1106,6521
1107,13694
1108,10713
1109,11357
1110,7987
1111,13384
1112,17037
1113,8901
1114,3542
1115,11526
1116,13799
1117,15978
1118,11194
1119,138
1120,16878
1121,457
1122,12684
1123,3885
1124,2918
1125,10102
1126,13764
1127,12872
1128,15672
1129,15976
1130,6921
1131,9451
1132,4992
1133,3538
1134,6465
1135,1961
1136,6822
1137,12660
1138,9706
1139,11991
1140,16506
1141,5895
1142,1478
1143,13985
1144,6329
1145,2145
1146,622
1147,5428
1148,10118
1149,14693
1150,10671
1151,159
1152,15585
1153,16962
1154,7841
1155,8569
1156,3312
1157,12391
1158,12039
1159,15661
1160,6993
1161,5914
1162,13834
1163,8685
1164,4711
1165,2109
1166,9408
1167,2249
1168,8026
1169,15481
1170,5587
1171,9396
1172,8451
1173,3472
1174,11828
1175,15017
1176,12290
1177,5383
1178,11687
1179,5991
1180,7237
1181,2625
1182,12913
1183,2586
1184,11943
1185,5683
1186,17223
1187,9242
1188,15736
1189,8979
1190,15741
1191,2774
1192,15794
1193,14470
1194,1821
1195,3614
1196,16322
1197,10614
1198,13965
1199,5389
1200,3761
1201,4751
1202,10044
1203,14750
1204,1409
1205,12986
1206,12060
1207,13528
1208,16922
1209,1598
1210,14664
1211,1626
1212,6712
1213,559
1214,16514
1215,3993
1216,12184
1217,13938
1218,17122
1219,5220
1220,263
1221,15684
1222,14953
1223,15413
1224,33
1225,5264
1226,2454
1227,17484
1228,9987
1229,5455
1230,10455
1231,14115
1232,7663
1233,12752
1234,15600
1235,4015
1236,6095
1237,9372
1238,11690
1239,17667
1240,6067
1241,1216
1242,2713
1243,8634
1244,10373
1245,17496
1246,2794
1247,17200
1248,2239
1249,10608
1250,10368
1251,14551
1252,5499
1253,15091
1254,17584
1255,12678
1256,719
1257,4185
1258,5271
1259,4519
1260,9438
1261,12472
1262,9660
1263,3453
1264,10266
1265,13343
1266,14655
1267,3981
1268,5603
1269,2048
1270,18141
1271,7361
1272,10996
1273,122
1274,1837
1275,12594
1276,3658
1277,6711
1278,14855
1279,2667
1280,13920
1281,4327
1282,9814
1283,4840
1284,5150
1285,6462
1286,3165
1287,2496
1288,3113
1289,4772
1290,11299
1291,5123
1292,15722
1293,13878
1294,4905
1295,7692
1296,16018
1297,13626
1298,5725
1299,11479
1300,2135
1301,5509
1302,16377
1303,2973
1304,14067
1305,5363
1306,5460
1307,2835
1308,10500
1309,8933
1310,4226
1311,3716
1312,14559
1313,16793
1314,13806
1315,7579
1316,11902
1317,13403
1318,4738
1319,5876
1320,14499
1321,10067
1322,11845
1323,2347
1324,9799
1325,12944
1326,4452
1327,10134
1328,14848
1329,2474
1330,2621
1331,16173
1332,9286
1333,141
1334,13533
1335,15372
1336,11081
1337,3411
1338,1870
1339,15233
1340,12488
1341,5512
1342,2560
1343,5500
1344,11278
1345,591
1346,6645
1347,7997
1348,13338
1349,12954
1350,2737
1351,16569
1352,2708
1353,14116
1354,16402
1355,9510
1356,2322
1357,13125
1358,10746
1359,4238
1360,3964
1361,2763
1362,5511
1363,12505
1364,3682
1365,17802
1366,6476
1367,10741
1368,1243
1369,7620
1370,4723
1371,13700
1372,7144
1373,6738
1374,3188
1375,9148
1376,4251
1377,3048
1378,7901
1379,13422
1380,16462
1381,4525
1382,7784
1383,5823
1384,11800
1385,2624
1386,12713
1387,5423
1388,8773
1389,6941
1390,4870
1391,14488
1392,7014
1393,3810
1394,793
1395,4092
1396,1631
1397,7397
1398,9228
1399,12201
1400,5856
1401,3001
1402,6399
1403,12310
1404,17119
1405,16284
1406,9217
1407,11340
1408,12765
1409,5106
1410,14584
1411,10642
1412,1987
1413,12336
1414,10600
1415,8248
1416,12441
1417,7192
1418,2685
1419,13156
1420,2742
1421,11313
1422,8830
1423,10053
1424,11697
1425,9676
1426,6017
1427,284
1428,1739
1429,2088
1430,6099
1431,9923
1432,12591
1433,8995
1434,7576
1435,1050
1436,6290
1437,17861
1438,1408
1439,4706
1440,8095
1441,9981
1442,14076
1443,12100
1444,4903
1445,6188
1446,3900
1447,6096
1448,15191
1449,3374
1450,13061
1451,9922
1452,10297
1453,14833
1454,16870
1455,9212
1456,16443
1457,15114
1458,5905
1459,2127
1460,9197
1461,17623
1462,11973
1463,14445
1464,990
1465,3034
1466,7077
1467,18105
1468,12780
1469,1610
1470,17752
1471,3528
1472,13093
1473,8408
1474,11251
1475,9274
1476,7770
1477,16994
1478,12893
1479,13768
1480,10700
1481,17031
1482,981
1483,14677
1484,14349
1485,5478
1486,2169
1487,12907
1488,5364
1489,5387
1490,4758
1491,8524
1492,5280
1493,11460
1494,14585
1495,13621
1496,13003
1497,16260
1498,7833
1499,5091
1500,12958
1501,2969
1502,12694
1503,814
1504,8142
1505,740
1506,6642
1507,5219
1508,16161
1509,2555
1510,11893
1511,98
1512,9585
1513,9821
1514,17301
1515,8626
1516,13835
1517,18191
1518,3588
1519,14778
1520,14697
1521,8444
1522,17399
1523,3064
1524,10313
1525,8637
1526,12254
1527,14233
1528,17489
1529,15631
1530,15924
1531,16538
1532,8791
1533,15681
1534,5379
1535,7567
1536,15051
1537,3315
1538,9903
1539,14638
1540,13202
1541,14142
1542,15620
1543,10239
1544,13984
1545,12886
1546,15579
1547,1595
1548,6947
1549,12506
1550,4030
1551,357
1552,12796
1553,5469
1554,1427
1555,2404
1556,5049
1557,7829
1558,2301
1559,14764
1560,10248
1561,14514
1562,5299
1563,3563
1564,3922
1565,580
1566,2368
1567,2039
1568,12560
1569,3929
1570,3066
1571,3855
1572,12797
1573,16971
1574,5253
1575,14473
1576,10212
1577,1180
1578,5486
1579,17844
1580,7376
1581,8935
1582,3589
1583,6524
1584,6650
1585,8256
1586,2119
1587,4527
1588,10979
1589,6691
1590,5032
1591,4367
1592,14170
1593,17105
1594,6767
1595,1877
1596,11016
1597,12876
1598,7942
1599,15484
1600,12774
1601,507
1602,2965
1603,2461
1604,10242
1605,1974
1606,14052
1607,1336
1608,3249
1609,3802
1610,11829
1611,15531
1612,9742
1613,10869
1614,11966
1615,14726
1616,13212
1617,264
1618,4789
1619,416
1620,7124
1621,8892
1622,13570
1623,10389
1624,1198
1625,2855
1626,4629
1627,6969
1628,153
1629,2800
1630,12708
1631,8393
1632,17259
1633,2515
1634,8211
1635,15839
1636,4838
1637,10634
1638,2569
1639,287
1640,8921
1641,3359
1642,397
1643,8023
1644,17046
1645,9045
1646,6045
1647,4360
1648,18085
1649,6682
1650,3982
1651,6568
1652,4657
1653,9857
1654,16727
1655,1494
1656,13695
1657,12899
1658,6273
1659,3661
1660,7689
1661,12349
1662,2102
1663,3792
1664,6536
1665,17355
1666,7084
1667,14372
1668,16243
1669,9795
1670,1495
1671,12656
1672,11174
1673,6966
1674,7385
1675,16828
1676,10545
1677,11903
1678,15602
1679,10099
1680,10528
1681,4685
1682,3014
1683,9870
1684,1948
1685,3653
1686,9551
1687,3764
1688,15873
1689,2894
1690,15635
1691,5232
1692,9153
1693,4196
1694,5267
1695,4512
1696,16543
1697,5155
1698,4886
1699,6511
1700,11767
1701,10139
1702,4819
1703,14905
1704,16309
1705,5193
1706,15605
1707,6644
1708,4940
1709,18201
1710,8867
1711,16897
1712,10921
1713,10032
1714,3571
1715,9936
1716,6116
1717,10537
1718,18002
1719,1735
1720,4978
1721,1560
1722,7166
1723,7377
1724,3343
1725,6030
1726,8576
1727,6246
1728,9488
1729,9178
1730,14653
1731,4788
1732,5964
1733,16345
1734,9926
1735,8549
1736,15530
1737,12261
1738,15985
1739,3413
1740,3996
1741,2977
1742,7665
1743,8733
1744,17773
1745,2140
1746,2329
1747,1125
1748,3805
1749,6083
1750,2876
1751,9042
1752,16983
1753,1374
1754,15607
1755,12307
1756,6886
1757,3984
1758,1505
1759,13802
1760,191
1761,7363
1762,5157
1763,1922
1764,8171
1765,15446
1766,4586
1767,10701
1768,16189
1769,17781
1770,17664
1771,13167
1772,10955
1773,2443
1774,16526
1775,12600
1776,13604
1777,16916
1778,8093
1779,5476
1780,18119
1781,6310
1782,8197
1783,11945
1784,13008
1785,13697
1786,12788
1787,17231
1788,4394
1789,15910
1790,3356
1791,9440
1792,6315
1793,207
1794,9773
1795,42
1796,5620
1797,4847
1798,3695
1799,4572
1800,1276
1801,14229
1802,11071
1803,17249
1804,4742
1805,1100
1806,10538
1807,8964
1808,5014
1809,2198
1810,10000
1811,12711
1812,9969
1813,10235
1814,6713
1815,6016
1816,10968
1817,11062
1818,223
1819,6232
1820,9810
1821,13689
1822,7518
1823,17392
1824,10628
1825,8487
1826,7767
1827,13314
1828,13287
1829,8364
1830,16571
1831,14813
1832,2117
1833,11889
1834,6235
1835,16021
1836,18204
1837,18111
1838,7173
1839,3231
1840,5294
1841,1366
1842,8617
1843,8003
1844,7611
1845,11442
1846,7604
1847,7623
1848,8477
1849,12113
1850,15235
1851,15732
1852,18032
1853,13866
1854,10221
1855,11257
1856,7605
1857,10976
1858,15124
1859,13116
1860,5510
1861,12550
1862,8293
1863,7580
1864,2815
1865,14577
1866,13324
1867,11209
1868,6697
1869,13537
1870,3212
1871,4146
1872,14282
1873,12607
1874,6049
1875,10637
1876,1563
1877,9034
1878,16829
1879,17590
1880,3791
1881,1248
1882,6566
1883,9983
1884,8308
1885,815
1886,12655
1887,13223
1888,8233
1889,14999
1890,6906
1891,8240
1892,13771
1893,14232
1894,13731
1895,17088
1896,8929
1897,9353
1898,12882
1899,4910
1900,15123
1901,10104
1902,1362
1903,17817
1904,15623
1905,12810
1906,13442
1907,6734
1908,3818
1909,10421
1910,13559
1911,6148
1912,1528
1913,15137
1914,17319
1915,3341
1916,10101
1917,2520
1918,11213
1919,16216
1920,4390
1921,1140
1922,6340
1923,9346
1924,11121
1925,4563
1926,4489
1927,13071
1928,2380
1929,3693
1930,5260
1931,14510
1932,2479
1933,216
1934,10881
1935,283
1936,7520
1937,4393
1938,16362
1939,15743
1940,10695
1941,15818
1942,1842
1943,2485
1944,3222
1945,13448
1946,12209
1947,1558
1948,7639
1949,9711
1950,17199
1951,2695
1952,17986
1953,15456
1954,16546
1955,9985
1956,4287
1957,7271
1958,3189
1959,21
1960,7325
1961,7381
1962,800
1963,9577
1964,565
1965,9658
1966,8167
1967,16642
1968,4282
1969,322
1970,16172
1971,11887
1972,17262
1973,13831
1974,1878
1975,410
1976,12139
1977,9254
1978,7988
1979,17008
1980,12559
1981,15170
1982,4204
1983,14669
1984,4128
1985,17366
1986,12484
1987,9080
1988,15230
1989,7247
1990,13832
1991,5418
1992,3030
1993,12681
1994,5747
1995,16343
1996,5840
1997,9184
1998,2874
1999,16617
2000,4977
2001,9043
2002,2282
2003,5965
2004,16759
2005,12973
2006,14597
2007,18096
2008,3311
2009,2945
2010,11473
2011,6256
2012,10860
2013,10268
2014,8133
2015,4817
2016,17325
2017,9556
2018,1991
2019,1696
2020,6362
2021,12268
2022,11180
2023,8253
2024,3505
2025,17842
2026,5944
2027,9457
2028,6679
2029,7402
2030,15608
2031,15711
2032,3399
2033,18067
2034,10377
2035,723
2036,14858
2037,13109
2038,11762
2039,7229
2040,9167
2041,17356
2042,17224
2043,16601
2044,14161
2045,15069
2046,10965
2047,8173
2048,3545
2049,4371
2050,8435
2051,16661
2052,2149
2053,6272
2054,4435
2055,4173
2056,4183
2057,2433
2058,4647
2059,10827
2060,17043
2061,6867
2062,17624
2063,7433
2064,2940
2065,1999
2066,543
2067,6414
2068,17131
2069,17796
2070,8667
2071,9240
2072,3097
2073,9540
2074,6830
2075,12755
2076,9046
2077,19
2078,18073
2079,11814
2080,669
2081,10813
2082,9570
2083,17288
2084,10217
2085,9628
2086,4216
2087,5055
2088,3378
2089,4640
2090,11412
2091,16905
2092,14063
2093,11895
2094,7293
2095,6661
2096,8257
2097,1300
2098,7721
2099,16944
2100,1659
2101,2423
2102,10301
2103,12657
2104,8297
2105,16823
2106,14408
2107,8254
2108,8502
2109,13529
2110,15223
2111,16744
2112,16145
2113,7798
2114,3757
2115,15928
2116,16352
2117,3358
2118,6358
2119,9714
2120,8597
2121,743
2122,17406
2123,9182
2124,6102
2125,8268
2126,2538
2127,13827
2128,2416
2129,16483
2130,3235
2131,9177
2132,10401
2133,1352
2134,4083
2135,8373
2136,14219
2137,1124
2138,10688
2139,2801
2140,4278
2141,7772
2142,6854
2143,753
2144,3261
2145,13299
2146,15496
2147,1410
2148,16584
2149,7811
2150,1385
2151,13723
2152,2771
2153,4989
2154,14391
2155,702
2156,15005
2157,9227
2158,2949
2159,3610
2160,16071
2161,343
2162,14028
2163,2692
2164,5904
2165,6416
2166,4982
2167,17192
2168,2552
2169,10430
2170,6527
2171,3275
2172,15566
2173,17240
2174,9462
2175,4671
2176,1769
2177,10945
2178,16969
2179,2511
2180,1194
2181,17997
2182,11009
2183,6562
2184,13653
2185,4951
2186,3477
2187,4245
2188,7219
2189,11445
2190,6799
2191,14111
2192,8697
2193,11530
2194,12722
2195,10868
2196,8555
2197,13868
2198,14888
2199,12313
2200,8178
2201,3033
2202,11344
2203,13978
2204,9937
2205,16283
2206,8119
2207,708
2208,12041
2209,9765
2210,12199
2211,843
2212,13491
2213,3939
2214,4120
2215,8466
2216,6388
2217,15401
2218,12508
2219,6952
2220,4633
2221,433
2222,14738
2223,12485
2224,352
2225,17110
2226,15527
2227,1835
2228,1047
2229,1380
2230,4382
2231,17146
2232,16174
2233,10911
2234,3925
2235,6168
2236,13262
2237,143
2238,13877
2239,6144
2240,13284
2241,6087
2242,5744
2243,3441
2244,17865
2245,8719
2246,16771
2247,1010
2248,3178
2249,267
2250,6833
2251,16702
2252,16485
2253,9079
2254,8770
2255,6827
2256,16020
2257,3521
2258,8390
2259,5793
2260,573
2261,3824
2262,17113
2263,9049
2264,11166
2265,4096
2266,14364
2267,15975
2268,4158
2269,13341
2270,12568
2271,9640
2272,16588
2273,4115
2274,4761
2275,7466
2276,10841
2277,7315
2278,12382
2279,3403
2280,10434
2281,14630
2282,16536
2283,2168
2284,6126
2285,15226
2286,12130
2287,13308
2288,6665
2289,16770
2290,359
2291,13292
2292,15853
2293,3683
2294,16851
2295,5198
2296,271
2297,16351
2298,1104
2299,13155
2300,16307
2301,6914
2302,10670
2303,6937
2304,12325
2305,12436
2306,16098
2307,9284
2308,9409
2309,6572
2310,810
2311,1228
2312,7379
2313,17850
2314,4309
2315,10693
2316,17713
2317,14731
2318,14937
2319,14922
2320,7200
2321,4770
2322,15214
2323,1865
2324,12520
2325,16228
2326,3421
2327,16428
2328,10938
2329,2156
2330,1892
2331,17083
2332,11206
2333,11974
2334,15733
2335,2640
2336,10482
2337,11480
2338,10559
2339,2215
2340,3715
2341,859
2342,9245
2343,16706
2344,7015
2345,17888
2346,15241
2347,12685
2348,5825
2349,4589
2350,1758
2351,8027
2352,13275
2353,8823
2354,4990
2355,8106
2356,4900
2357,7412
2358,14231
2359,8751
2360,17855
2361,10779
2362,14197
2363,17767
2364,5543
2365,10255
2366,11459
2367,7104
2368,15869
2369,11754
2370,15729
2371,5251
2372,2394
2373,11002
2374,14900
2375,13194
2376,13581
2377,10533
2378,6533
2379,10820
2380,9740
2381,9097
2382,1984
2383,3898
2384,3619
2385,5695
2386,11717
2387,13592
2388,13619
2389,13519
2390,13991
2391,13668
2392,16006
2393,14826
2394,10293
2395,10889
2396,2166
2397,27
2398,8518
2399,9334
2400,6900
2401,14651
2402,13243
2403,1779
2404,1351
2405,5137
2406,3742
2407,11550
2408,17487
2409,9555
2410,376
2411,2909
2412,8915
2413,918
2414,58
2415,6360
2416,17459
2417,6843
2418,6675
2419,18021
2420,3226
2421,3392
2422,6441
2423,5947
2424,478
2425,12275
2426,16444
2427,8739
2428,650
2429,16408
2430,9087
2431,739
2432,13883
2433,9914
2434,5401
2435,12770
2436,15628
2437,8510
2438,5145
2439,15255
2440,12995
2441,3991
2442,12875
2443,6965
2444,9666
2445,16470
2446,10703
2447,4388
2448,10369
2449,8283
2450,16548
2451,1655
2452,12976
2453,8498
2454,17486
2455,12832
2456,9204
2457,17869
2458,6040
2459,15932
2460,11176
2461,10876
2462,14779
2463,12806
2464,4118
2465,9625
2466,17738
2467,11694
2468,5136
2469,12351
2470,4763
2471,15847
2472,4603
2473,6065
2474,7091
2475,1523
2476,16646
2477,3875
2478,16984
2479,15352
2480,9115
2481,4520
2482,7925
2483,2382
2484,13457
2485,12940
2486,9273
2487,10830
2488,7188
2489,145
2490,5740
2491,15282
2492,7209
2493,14009
2494,6375
2495,4490
2496,6135
2497,9907
2498,3613
2499,9725
2500,8831
2501,10353
2502,3022
2503,12766
2504,8112
2505,5305
2506,2805
2507,16676
2508,15572
2509,11321
2510,16651
2511,4890
2512,4832
2513,17671
2514,3692
2515,11458
2516,3735
2517,28
2518,5464
2519,2446
2520,10966
2521,15765
2522,7407
2523,12358
2524,7537
2525,8521
2526,12332
2527,4087
2528,10420
2529,15525
2530,5625
2531,12350
2532,6185
2533,15079
2534,4290
2535,13258
2536,17774
2537,14054
2538,5613
2539,12022
2540,908
2541,16750
2542,12272
2543,3347
2544,11290
2545,15592
2546,16008
2547,12068
2548,12702
2549,5799
2550,12248
2551,13865
2552,17805
2553,5650
2554,1128
2555,16049
2556,11434
2557,10550
2558,18154
2559,4579
2560,13465
2561,6300
2562,15619
2563,16799
2564,2892
2565,13564
2566,571
2567,16837
2568,7680
2569,15459
2570,6125
2571,17929
2572,2338
2573,15365
2574,9710
2575,4439
2576,11900
2577,15601
2578,14223
2579,7733
2580,6811
2581,16271
2582,14410
2583,12695
2584,14464
2585,6392
2586,11794
2587,5092
2588,563
2589,6130
2590,16363
2591,9825
2592,9244
2593,2557
2594,16693
2595,13855
2596,13239
2597,2072
2598,11619
2599,15668
2600,11650
2601,12064
2602,2841
2603,14386
2604,4458
2605,13307
2606,5431
2607,2978
2608,13058
2609,12319
2610,4809
2611,3035
2612,16300
2613,14981
2614,2046
2615,12381
2616,13066
2617,16488
2618,14965
2619,14576
2620,14419
2621,1804
2622,3789
2623,6417
2624,1404
2625,10916
2626,10896
2627,16716
2628,1206
2629,12470
2630,6922
2631,3452
2632,5143
2633,17327
2634,3458
2635,6344
2636,9414
2637,5441
2638,5682
2639,6409
2640,5654
2641,17420
2642,1193
2643,15471
2644,7819
2645,15274
2646,6677
2647,14302
2648,4137
2649,15587
2650,3366
2651,4784
2652,3386
2653,3305
2654,15453
2655,9663
2656,15649
2657,8579
2658,13077
2659,9292
2660,12579
2661,11727
2662,14255
2663,1648
2664,15475
2665,7035
2666,1417
2667,6689
2668,13090
2669,227
2670,7382
2671,5254
2672,9720
2673,11252
2674,1435
2675,14554
2676,16611
2677,17772
2678,3008
2679,3354
2680,4300
2681,11377
2682,18011
2683,660
2684,11637
2685,13205
2686,9226
2687,4665
2688,12099
2689,17103
2690,14101
2691,7723
2692,3960
2693,12791
2694,8984
2695,16267
2696,17015
2697,9729
2698,588
2699,3512
2700,13291
2701,6891
2702,7961
2703,12115
2704,12895
2705,12799
2706,418
2707,11478
2708,8415
2709,12518
2710,14843
2711,17427
2712,13705
2713,1402
2714,9445
2715,4592
2716,10883
2717,10477
2718,805
2719,6286
2720,4374
2721,17216
2722,17270
2723,4820
2724,16710
2725,517
2726,4914
2727,15305
2728,12008
2729,13602
2730,10633
2731,972
2732,9232
2733,18007
2734,1706
2735,15775
2736,16787
2737,9597
2738,4807
2739,6972
2740,5817
2741,544
2742,16655
2743,9593
2744,15828
2745,16619
2746,6500
2747,4703
2748,6751
2749,9261
2750,8946
2751,15811
2752,14993
2753,3480
2754,17538
2755,17674
2756,10935
2757,8204
2758,4438
2759,9783
2760,5547
2761,11934
2762,11382
2763,7555
2764,16815
2765,3958
2766,1807
2767,5434
2768,14934
2769,14950
2770,7290
2771,1818
2772,10901
2773,5729
2774,17507
2775,8680
2776,2196
2777,10403
2778,12492
2779,7217
2780,8512
2781,11012
2782,12047
2783,11065
2784,3012
2785,5452
2786,3784
2787,3287
2788,6909
2789,12699
2790,12819
2791,9866
2792,441
2793,10286
2794,48
2795,9471
2796,8903
2797,3283
2798,16926
2799,11705
2800,14359
2801,15670
2802,16545
2803,2098
2804,725
2805,7671
2806,12331
2807,17754
2808,10440
2809,7169
2810,9129
2811,10386
2812,1073
2813,14274
2814,5245
2815,1002
2816,470
2817,12076
2818,205
2819,466
2820,17341
2821,14568
2822,6680
2823,1908
2824,16933
2825,3557
2826,4293
2827,7310
2828,6382
2829,1424
2830,2055
2831,4280
2832,8147
2833,827
2834,15309
2835,5413
2836,6750
2837,2500
2838,9025
2839,9112
2840,7225
2841,5502
2842,4214
2843,2998
2844,13402
2845,2941
2846,9371
2847,11155
2848,5059
2849,13398
2850,2950
2851,13789
2852,13280
2853,17891
2854,16763
2855,15125
2856,8941
2857,10765
2858,4877
2859,4164
2860,12739
2861,1316
2862,2080
2863,18181
2864,31
2865,11383
2866,18171
2867,5366
2868,1872
2869,10684
2870,14455
2871,11739
2872,14424
2873,1552
2874,6488
2875,13860
2876,14468
2877,3573
2878,699
2879,9651
2880,6845
2881,3807
2882,17693
2883,7645
2884,11781
2885,13277
2886,5322
2887,8878
2888,4565
2889,15430
2890,12762
2891,14253
2892,16960
2893,746
2894,5937
2895,7398
2896,6166
2897,7472
2898,10682
2899,2982
2900,8985
2901,15622
2902,2354
2903,15567
2904,17821
2905,7384
2906,12735
2907,8694
2908,12712
2909,8186
2910,12663
2911,11403
2912,3339
2913,1928
2914,6846
2915,16582
2916,5897
2917,3568
2918,13910
2919,11107
2920,16439
2921,12993
2922,5699
2923,15395
2924,14110
2925,14542
2926,9000
2927,12379
2928,16752
2929,16558
2930,14539
2931,11822
2932,10120
2933,13765
2934,16048
2935,244
2936,15008
2937,1181
2938,5277
2939,11448
2940,13181
2941,9537
2942,10762
2943,16085
2944,17724
2945,6847
2946,8849
2947,13445
2948,16406
2949,2356
2950,6044
2951,9881
2952,13728
2953,2682
2954,15251
2955,1597
2956,12208
2957,8242
2958,8483
2959,11673
2960,11670
2961,5604
2962,10720
2963,10982
2964,14020
2965,663
2966,1014
2967,3841
2968,3091
2969,14352
2970,14191
2971,15409
2972,17212
2973,15578
2974,12232
2975,4745
2976,16934
2977,7935
2978,12613
2979,195
2980,4386
2981,15024
2982,1628
2983,335
2984,7356
2985,17797
2986,14283
2987,10447
2988,12170
2989,973
2990,14836
2991,8546
2992,10087
2993,12403
2994,7395
2995,1453
2996,9726
2997,12377
2998,7591
2999,9738
3000,8629
3001,7655
3002,14854
3003,15205
3004,10915
3005,11812
3006,8067
3007,10189
3008,2365
3009,9361
3010,8919
3011,16541
3012,7347
3013,13899
3014,7860
3015,1074
3016,3147
3017,16035
3018,15407
3019,12756
3020,7918
3021,12710
3022,2294
3023,1142
3024,3221
3025,16004
3026,715
3027,3559
3028,15637
3029,11
3030,12282
3031,4655
3032,7969
3033,8994
3034,1357
3035,15490
3036,6475
3037,9262
3038,12092
3039,2153
3040,8774
3041,14970
3042,8621
3043,12271
3044,17318
3045,13810
3046,8693
3047,7143
3048,13805
3049,9875
3050,14810
3051,18107
3052,9952
3053,14613
3054,14746
3055,15836
3056,5526
3057,17979
3058,9893
3059,7682
3060,3783
3061,16659
3062,10554
3063,7687
3064,12467
3065,12715
3066,7717
3067,1907
3068,14117
3069,12949
3070,6723
3071,6277
3072,4961
3073,14351
3074,14355
3075,17952
3076,11431
3077,13312
3078,8000
3079,4919
3080,16565
3081,13348
3082,8030
3083,2438
3084,9751
3085,2809
3086,13456
3087,17942
3088,5221
3089,5288
3090,16902
3091,9647
3092,10949
3093,10110
3094,7017
3095,12344
3096,10128
3097,7705
3098,14535
3099,8221
3100,4916
3101,3168
3102,16366
3103,16495
3104,17191
3105,6097
3106,1607
3107,9031
3108,1511
3109,3316
3110,11646
3111,17173
3112,10314
3113,15159
3114,4059
3115,16246
3116,1658
3117,15575
3118,12187
3119,16967
3120,9264
3121,17166
3122,14695
3123,17663
3124,5881
3125,8920
3126,434
3127,634
3128,13769
3129,3987
3130,7581
3131,4119
3132,1350
3133,2720
3134,14260
3135,1789
3136,8792
3137,5080
3138,12496
3139,13195
3140,4266
3141,10681
3142,13345
3143,1452
3144,13143
3145,10493
3146,4818
3147,17019
3148,12342
3149,14665
3150,16232
3151,7162
3152,14617
3153,13412
3154,4823
3155,3844
3156,12185
3157,604
3158,9796
3159,10363
3160,14915
3161,4728
3162,11857
3163,12511
3164,5016
3165,14032
3166,16117
3167,1668
3168,7684
3169,4684
3170,8827
3171,10462
3172,13620
3173,9906
3174,15464
3175,15219
3176,15712
3177,7464
3178,4426
3179,5072
3180,5213
3181,13473
3182,12826
3183,7598
3184,6593
3185,2628
3186,7324
3187,4929
3188,3036
3189,13213
3190,17236
3191,5302
3192,9930
3193,7215
3194,10689
3195,9444
3196,10337
3197,1853
3198,5148
3199,1476
3200,3724
3201,3481
3202,6686
3203,12440
3204,16712
3205,3322
3206,10247
3207,10796
3208,1570
3209,13241
3210,4756
3211,2721
3212,3155
3213,16557
3214,17353
3215,4170
3216,10284
3217,9433
3218,20
3219,10739
3220,569
3221,15838
3222,17473
3223,8590
3224,2967
3225,7050
3226,3755
3227,11025
3228,156
3229,16614
3230,15760
3231,12002
3232,10089
3233,13283
3234,1341
3235,4773
3236,17572
3237,15111
3238,14874
3239,11207
3240,9887
3241,7559
3242,11704
3243,5886
3244,16024
3245,10350
3246,7344
3247,4681
3248,14339
3249,8651
3250,10551
3251,14024
3252,17479
3253,16981
3254,1524
3255,11795
3256,3058
3257,4178
3258,4335
3259,8895
3260,11682
3261,11384
3262,12498
3263,9727
3264,2362
3265,11888
3266,11511
3267,15696
3268,14644
3269,17412
3270,15023
3271,16157
3272,10445
3273,17619
3274,13322
3275,623
3276,9336
3277,8678
3278,5997
3279,4234
3280,17759
3281,4744
3282,9794
3283,10457
3284,2376
3285,5018
3286,530
3287,3219
3288,6594
3289,5457
3290,14760
3291,5147
3292,7702
3293,3423
3294,4591
3295,730
3296,14766
3297,18109
3298,2592
3299,6317
3300,12754
3301,9621
3302,5471
3303,6958
3304,8120
3305,14980
3306,1168
3307,4016
3308,13717
3309,10014
3310,3857
3311,5281
3312,192
3313,8930
3314,17289
3315,16138
3316,14793
3317,4719
3318,2375
3319,14392
3320,10283
3321,1378
3322,4276
3323,7010
3324,4528
3325,15404
3326,875
3327,8446
3328,16528
3329,9131
3330,2612
3331,105
3332,12154
3333,14324
3334,14254
3335,7032
3336,4975
3337,16972
3338,16965
3339,4153
3340,7238
3341,10843
3342,8924
3343,995
3344,6470
3345,11970
3346,2799
3347,6260
3348,10572
3349,14562
3350,17383
3351,17070
3352,1154
3353,17390
3354,3397
3355,15250
3356,12387
3357,14959
3358,8591
3359,18202
3360,4923
3361,13062
3362,10774
3363,5086
3364,10566
3365,15918
3366,2617
3367,17057
3368,8639
3369,13303
3370,16016
3371,16175
3372,176
3373,14881
3374,14353
3375,497
3376,6612
3377,13022
3378,15636
3379,18159
3380,14478
3381,17336
3382,14533
3383,11094
3384,7239
3385,2678
3386,8948
3387,1287
3388,7080
3389,11294
3390,17765
3391,9467
3392,4020
3393,6222
3394,1064
3395,2112
3396,5931
3397,4249
3398,1365
3399,8176
3400,2605
3401,10914
3402,11553
3403,12530
3404,13076
3405,10305
3406,17481
3407,5762
3408,7993
3409,13975
3410,14903
3411,1656
3412,18177
3413,10778
3414,3204
3415,2971
3416,6314
3417,8538
3418,9899
3419,9367
3420,10058
3421,1861
3422,7153
3423,8409
3424,7785
3425,7973
3426,12885
3427,15960
3428,13437
3429,17820
3430,3730
3431,5722
3432,13383
3433,5873
3434,10064
3435,2825
3436,10643
3437,11874
3438,774
3439,870
3440,15680
3441,249
3442,3306
3443,5907
3444,10516
3445,8419
3446,6426
3447,1637
3448,1746
3449,10231
3450,14967
3451,12619
3452,1839
3453,9321
3454,316
3455,14751
3456,3831
3457,8766
3458,183
3459,10605
3460,17100
3461,4892
3462,8016
3463,2311
3464,41
3465,1196
3466,14702
3467,3120
3468,17789
3469,56
3470,8505
3471,12132
3472,6348
3473,4418
3474,15735
3475,2480
3476,3775
3477,16292
3478,2877
3479,17149
3480,5015
3481,14691
3482,8967
3483,9030
3484,16290
3485,16162
3486,9839
3487,8374
3488,13913
3489,2567
3490,8357
3491,504
3492,16939
3493,10740
3494,1747
3495,15067
3496,2013
3497,4242
3498,13158
3499,15074
3500,13481
3501,10095
3502,13250
3503,13200
3504,6975
3505,10944
3506,7193
3507,12238
3508,4680
3509,7503
3510,12769
3511,16913
3512,10767
3513,16325
3514,15169
3515,6396
3516,6935
3517,4200
3518,12675
3519,7999
3520,4432
3521,8540
3522,17135
3523,2312
3524,9516
3525,12817
3526,13808
3527,7946
3528,6195
3529,11179
3530,9771
3531,15856
3532,1787
3533,10390
3534,6861
3535,7393
3536,2323
3537,16887
3538,7828
3539,9950
3540,10351
3541,6212
3542,11841
3543,1141
3544,17163
3545,11569
3546,3095
3547,12494
3548,14268
3549,8244
3550,11345
3551,15217
3552,12189
3553,525
3554,8775
3555,12292
3556,8638
3557,9277
3558,11404
3559,3506
3560,12562
3561,11306
3562,10665
3563,2143
3564,3825
3565,12065
3566,15480
3567,9164
3568,15232
3569,10446
3570,4757
3571,13184
3572,9561
3573,9263
3574,17864
3575,13388
3576,4068
3577,92
3578,411
3579,4145
3580,6403
3581,16222
3582,11721
3583,4075
3584,13267
3585,13541
3586,4537
3587,16992
3588,2701
3589,13415
3590,11659
3591,14502
3592,1590
3593,4718
3594,6159
3595,17207
3596,8553
3597,127
3598,2832
3599,367
3600,9635
3601,3537
3602,12523
3603,5351
3604,15039
3605,7535
3606,5942
3607,6240
3608,15726
3609,713
3610,8622
3611,8780
3612,1644
3613,15213
3614,14973
3615,3232
3616,4922
3617,14878
3618,15156
3619,1215
3620,1295
3621,17728
3622,13174
3623,10359
3624,13134
3625,4509
3626,13017
3627,14014
3628,18124
3629,1830
3630,12145
3631,2334
3632,3494
3633,3732
3634,2551
3635,10850
3636,16822
3637,905
3638,9210
3639,7392
3640,3643
3641,10627
3642,3621
3643,17278
3644,7846
3645,3587
3646,4072
3647,5580
3648,12425
3649,10178
3650,7054
3651,9222
3652,1393
3653,18064
3654,14601
3655,5529
3656,11910
3657,3274
3658,7653
3659,6242
3660,10912
3661,5337
3662,16510
3663,14716
3664,11587
3665,5860
3666,17257
3667,146
3668,8593
3669,9521
3670,1011
3671,480
3672,8194
3673,16320
3674,15098
3675,16974
3676,8399
3677,13386
3678,14943
3679,14031
3680,13389
3681,2414
3682,15764
3683,1718
3684,4399
3685,7254
3686,11026
3687,14660
3688,11541
3689,16938
3690,9402
3691,13098
3692,18106
3693,3009
3694,11410
3695,14294
3696,2471
3697,11972
3698,9324
3699,6763
3700,14262
3701,12285
3702,10851
3703,9938
3704,13044
3705,5230
3706,687
3707,11197
3708,16740
3709,3957
3710,8661
3711,2643
3712,4673
3713,8075
3714,8793
3715,2632
3716,11543
3717,6215
3718,7626
3719,14942
3720,4029
3721,13986
3722,16186
3723,18197
3724,3901
3725,1467
3726,11443
3727,4105
3728,13956
3729,13639
3730,2036
3731,9504
3732,11354
3733,1929
3734,12043
3735,994
3736,13605
3737,7260
3738,16376
3739,4636
3740,769
3741,6552
3742,16038
3743,3767
3744,971
3745,3760
3746,5326
3747,12502
3748,8683
3749,129
3750,15555
3751,13252
3752,12305
3753,4429
3754,8875
3755,5643
3756,4172
3757,9935
3758,4850
3759,14461
3760,2697
3761,12843
3762,11411
3763,7890
3764,8665
3765,11158
3766,9787
3767,13815
3768,14069
3769,4611
3770,9305
3771,7850
3772,7156
3773,13591
3774,6571
3775,2768
3776,17492
3777,7185
3778,5561
3779,6692
3780,3376
3781,16041
3782,15270
3783,12821
3784,14648
3785,5960
3786,17685
3787,2308
3788,1396
3789,16890
3790,17316
3791,13532
3792,17030
3793,1732
3794,13475
3795,5456
3796,9154
3797,1367
3798,15
3799,4943
3800,4336
3801,16945
3802,140
3803,11591
3804,13949
3805,7443
3806,8975
3807,7458
3808,4357
3809,9645
3810,10168
3811,13758
3812,1811
3813,5067
3814,2908
3815,12334
3816,7517
3817,2183
3818,618
3819,163
3820,17582
3821,15616
3822,5958
3823,5438
3824,5151
3825,2172
3826,6684
3827,1070
3828,8478
3829,12141
3830,13732
3831,14058
3832,16733
3833,8860
3834,11078
3835,16626
3836,6015
3837,3702
3838,15541
3839,17917
3840,9499
3841,14573
3842,2231
3843,3507
3844,5474
3845,15902
3846,54
3847,2084
3848,4885
3849,14626
3850,15380
3851,1640
3852,14618
3853,13030
3854,2093
3855,2669
3856,8890
3857,2656
3858,503
3859,1536
3860,11378
3861,13503
3862,12593
3863,1562
3864,1335
3865,16205
3866,17875
3867,11723
3868,11350
3869,16512
3870,13149
3871,2341
3872,15416
3873,15759
3874,4547
3875,17743
3876,11944
3877,760
3878,14758
3879,11557
3880,7280
3881,10692
3882,17405
3883,16229
3884,12827
3885,13750
3886,5360
3887,14159
3888,13514
3889,17896
3890,3717
3891,9454
3892,2263
3893,10271
3894,17867
3895,4088
3896,10577
3897,351
3898,8185
3899,15073
3900,17517
3901,18099
3902,16970
3903,1448
3904,5818
3905,733
3906,13580
3907,7651
3908,584
3909,9448
3910,17678
3911,10640
3912,17504
3913,17648
3914,16012
3915,4257
3916,13871
3917,16564
3918,6678
3919,8787
3920,13474
3921,8098
3922,16074
3923,15727
3924,12309
3925,1537
3926,7145
3927,6239
3928,10136
3929,11457
3930,2159
3931,2699
3932,8474
3933,8531
3934,11740
3935,8470
3936,15744
3937,7940
3938,16433
3939,14166
3940,8369
3941,11049
3942,193
3943,6546
3944,12798
3945,5490
3946,14709
3947,12330
3948,925
3949,2367
3950,4588
3951,1775
3952,9598
3953,13982
3954,11343
3955,5286
3956,6424
3957,17498
3958,5675
3959,12896
3960,2987
3961,13606
3962,891
3963,7869
3964,4529
3965,15198
3966,10601
3967,16091
3968,15397
3969,8213
3970,11149
3971,14053
3972,1263
3973,9464
3974,17550
3975,14098
3976,8252
3977,2756
3978,9831
3979,5448
3980,10125
3981,15420
3982,11341
3983,15297
3984,15772
3985,8249
3986,5209
3987,14023
3988,10061
3989,6117
3990,17488
3991,7661
3992,12643
3993,5676
3994,5837
3995,15766
3996,2002
3997,7270
3998,16491
3999,8326
4000,862
4001,18190
4002,10770
4003,17609
4004,7894
4005,12598
4006,15369
4007,16128
4008,9147
4009,18187
4010,8817
4011,15900
4012,9755
4013,17687
4014,8316
4015,11737
4016,13394
4017,896
4018,684
4019,13094
4020,12851
4021,12454
4022,8968
4023,1120
4024,1471
4025,11265
4026,16484
4027,17610
4028,11654
4029,4542
4030,3483
4031,6555
4032,6782
4033,3072
4034,7756
4035,1890
4036,6468
4037,3830
4038,10990
4039,9971
4040,16555
4041,1727
4042,8623
4043,10861
4044,9809
4045,16288
4046,5195
4047,13609
4048,14288
4049,14515
4050,15470
4051,15846
4052,8675
4053,15001
4054,4298
4055,10406
4056,8132
4057,3933
4058,10503
4059,511
4060,2591
4061,2320
4062,1001
4063,8846
4064,6069
4065,1682
4066,17840
4067,8926
4068,1941
4069,4356
4070,11505
4071,14417
4072,5666
4073,15178
4074,844
4075,9946
4076,7634
4077,6925
4078,7444
4079,10428
4080,3427
4081,2053
4082,9667
4083,236
4084,5755
4085,6646
4086,11272
4087,915
4088,16185
4089,14864
4090,7722
4091,5612
4092,9753
4093,10165
4094,12724
4095,7950
4096,18200
4097,17002
4098,12592
4099,10771
4100,667
4101,9160
4102,4795
4103,8907
4104,6124
4105,12639
4106,14817
4107,17806
4108,16450
4109,3696
4110,4324
4111,17539
4112,17234
4113,10329
4114,7524
4115,4181
4116,7830
4117,454
4118,428
4119,2964
4120,17118
4121,11661
4122,1783
4123,309
4124,597
4125,10463
4126,9820
4127,16146
4128,4965
4129,12583
4130,8421
4131,13948
4132,10959
4133,11818
4134,15096
4135,2806
4136,17794
4137,4221
4138,11942
4139,16670
4140,13152
4141,13838
4142,15021
4143,14167
4144,8525
4145,1348
4146,7676
4147,6259
4148,6772
4149,9531
4150,14994
4151,8286
4152,13347
4153,5483
4154,12320
4155,13677
4156,2972
4157,8009
4158,14334
4159,3676
4160,11786
4161,6730
4162,11258
4163,8688
4164,4113
4165,640
4166,10015
4167,8606
4168,1841
4169,10324
4170,12573
4171,3829
4172,3257
4173,10410
4174,14280
4175,10426
4176,16801
4177,4562
4178,570
4179,1383
4180,12979
4181,14309
4182,15894
4183,15130
4184,482
4185,3722
4186,2029
4187,412
4188,5906
4189,9098
4190,9270
4191,1384
4192,1161
4193,15256
4194,8670
4195,7072
4196,1530
4197,10886
4198,4506
4199,14635
4200,9511
4201,12848
4202,9993
4203,14021
4204,947
4205,11033
4206,5576
4207,532
4208,3370
4209,11461
4210,8325
4211,3786
4212,15891
4213,13955
4214,15895
4215,4294
4216,13809
4217,5037
4218,11128
4219,4540
4220,10289
4221,8539
4222,5304
4223,14666
4224,5085
4225,4271
4226,1947
4227,6815
4228,4621
4229,4808
4230,14243
4231,15710
4232,8065
4233,12846
4234,14247
4235,3615
4236,3368
4237,9687
4238,15287
4239,1869
4240,13136
4241,7462
4242,8404
4243,16200
4244,10660
4245,1827
4246,9062
4247,15813
4248,6448
4249,17690
4250,17324
4251,12816
4252,233
4253,14500
4254,5555
4255,8724
4256,9815
4257,7445
4258,3586
4259,3486
4260,6923
4261,6428
4262,17132
4263,8765
4264,15487
4265,17915
4266,11835
4267,1327
4268,15538
4269,14928
4270,6582
4271,999
4272,13608
4273,13656
4274,13310
4275,2810
4276,7191
4277,11954
4278,4201
4279,16634
4280,6321
4281,5739
4282,2278
4283,17816
4284,10680
4285,1086
4286,7422
4287,1926
4288,13471
4289,9100
4290,13848
4291,2675
4292,9171
4293,1067
4294,8822
4295,3056
4296,8017
4297,11059
4298,13344
4299,5229
4300,8958
4301,4679
4302,8383
4303,6467
4304,3040
4305,11776
4306,2776
4307,91
4308,7897
4309,13661
4310,6054
4311,8781
4312,14341
4313,2163
4314,11091
4315,18165
4316,17683
4317,7287
4318,16404
4319,16394
4320,10795
4321,15244
4322,14628
4323,2200
4324,11789
4325,6042
4326,6602
4327,2430
4328,16416
4329,14132
4330,16207
4331,675
4332,2246
4333,15529
4334,6841
4335,14100
4336,11957
4337,13074
4338,9869
4339,13926
4340,398
4341,10001
4342,389
4343,18155
4344,11401
4345,13843
4346,4461
4347,11510
4348,9620
4349,16827
4350,4198
4351,16841
4352,3731
4353,5021
4354,9078
4355,15748
4356,8126
4357,221
4358,14085
4359,11148
4360,14780
4361,17849
4362,8223
4363,3132
4364,17114
4365,16980
4366,10997
4367,11363
4368,9691
4369,8219
4370,13625
4371,1052
4372,5622
4373,16628
4374,892
4375,6262
4376,5566
4377,1820
4378,6407
4379,7055
4380,7685
4381,1798
4382,10809
4383,12070
4384,252
4385,1062
4386,296
4387,11629
4388,10057
4389,3131
4390,7565
4391,1226
4392,7339
4393,502
4394,11839
4395,4420
4396,4288
4397,3172
4398,15829
4399,10658
4400,16842
4401,15272
4402,17799
4403,16620
4404,2727
4405,467
4406,3720
4407,3728
4408,14106
4409,784
4410,15964
4411,9142
4412,306
4413,1873
4414,8949
4415,15690
4416,3700
4417,3304
4418,15261
4419,7769
4420,12477
4421,5662
4422,960
4423,679
4424,11423
4425,8004
4426,17365
4427,8800
4428,4941
4429,2550
4430,10183
4431,12775
4432,5119
4433,8572
4434,8044
4435,8318
4436,2469
4437,9982
4438,15203
4439,11906
4440,288
4441,17363
4442,14698
4443,13354
4444,14830
4445,3431
4446,10005
4447,16241
4448,14
4449,15855
4450,15553
4451,6343
4452,11843
4453,6198
4454,14650
4455,12728
4456,9990
4457,17741
4458,12109
4459,6743
4460,2450
4461,3152
4462,4077
4463,3404
4464,10429
4465,10107
4466,12031
4467,13242
4468,16605
4469,5609
4470,10596
4471,10954
4472,16118
4473,1474
4474,10783
4475,3639
4476,14979
4477,342
4478,9427
4479,3945
4480,6319
4481,13917
4482,10186
4483,10123
4484,16645
4485,9973
4486,12298
4487,16985
4488,5790
4489,6311
4490,13484
4491,5149
4492,924
4493,17904
4494,14017
4495,7632
4496,13839
4497,12671
4498,4830
4499,9192
4500,17607
4501,4095
4502,9594
4503,14120
4504,13120
4505,4902
4506,17643
4507,3057
4508,7021
4509,5158
4510,15703
4511,2151
4512,16053
4513,1468
4514,4373
4515,8073
4516,9700
4517,12905
4518,3179
4519,6659
4520,16081
4521,6792
4522,17818
4523,1859
4524,11675
4525,1261
4526,11559
4527,10461
4528,14656
4529,12293
4530,14080
4531,9519
4532,15298
4533,7406
4534,16838
4535,7328
4536,14107
4537,11111
4538,12103
4539,8709
4540,3118
4541,9776
4542,5877
4543,11304
4544,14361
4545,16463
4546,14213
4547,12037
4548,6865
4549,4232
4550,4138
4551,12638
4552,10590
4553,2142
4554,4244
4555,8701
4556,900
4557,8340
4558,15825
4559,8152
4560,15150
4561,8712
4562,3186
4563,996
4564,14428
4565,123
4566,6590
4567,16277
4568,15738
4569,3776
4570,9571
4571,2724
4572,2562
4573,14317
4574,11939
4575,7036
4576,3254
4577,12666
4578,4427
4579,7322
4580,2659
4581,11283
4582,10281
4583,2152
4584,16230
4585,5472
4586,1630
4587,4305
4588,1794
4589,10880
4590,7881
4591,13297
4592,3739
4593,17580
4594,10773
4595,3164
4596,16046
4597,10392
4598,12783
4599,10344
4600,18199
4601,7235
4602,15659
4603,14102
4604,5524
4605,16747
4606,11593
4607,1454
4608,8757
4609,10425
4610,11560
4611,16125
4612,9505
4613,7603
4614,16348
4615,4406
4616,15376
4617,110
4618,5142
4619,7596
4620,10799
4621,13921
4622,413
4623,126
4624,9806
4625,9437
4626,535
4627,1148
4628,7652
4629,6627
4630,6064
4631,966
4632,1766
4633,5400
4634,13138
4635,4102
4636,3243
4637,9365
4638,4365
4639,16956
4640,8300
4641,3518
4642,6651
4643,10761
4644,13651
4645,9443
4646,11368
4647,14388
4648,13800
4649,14641
4650,9883
4651,9092
4652,3706
4653,5715
4654,337
4655,9252
4656,1953
4657,5332
4658,1899
4659,10340
4660,10616
4661,11302
4662,15699
4663,9951
4664,3832
4665,16863
4666,8819
4667,7837
4668,17175
4669,2536
4670,13616
4671,16419
4672,5390
4673,17944
4674,1964
4675,13426
4676,17639
4677,7714
4678,5924
4679,3496
4680,15086
4681,17018
4682,8190
4683,7070
4684,10180
4685,2739
4686,14469
4687,1127
4688,11208
4689,17642
4690,12998
4691,5284
4692,13127
4693,8196
4694,9256
4695,239
4696,12565
4697,10622
4698,14333
4699,5951
4700,9730
4701,12970
4702,10141
4703,14603
4704,8814
4705,3285
4706,4166
4707,6690
4708,776
4709,10522
4710,691
4711,13450
4712,11305
4713,10805
4714,14051
4715,9441
4716,3420
4717,806
4718,4897
4719,1046
4720,14699
4721,8022
4722,10595
4723,14025
4724,16254
4725,11859
4726,9073
4727,5105
4728,7129
4729,6175
4730,14119
4731,18186
4732,1574
4733,14581
4734,10531
4735,17778
4736,462
4737,67
4738,11463
4739,11336
4740,1519
4741,15433
4742,18014
4743,9120
4744,3471
4745,2477
4746,17370
4747,14371
4748,16578
4749,9094
4750,9026
4751,14503
4752,16396
4753,3348
4754,2833
4755,1368
4756,14729
4757,6307
4758,13928
4759,519
4760,3379
4761,7451
4762,13038
4763,4672
4764,4637
4765,8281
4766,528
4767,17121
4768,16591
4769,2510
4770,8187
4771,14368
4772,9358
4773,10510
4774,3163
4775,6517
4776,9582
4777,10557
4778,15921
4779,11237
4780,11827
4781,17
4782,14242
4783,14936
4784,10492
4785,514
4786,10093
4787,854
4788,13188
4789,16687
4790,14178
4791,14975
4792,14227
4793,9732
4794,11582
4795,15569
4796,1781
4797,5834
4798,4530
4799,8507
4800,12915
4801,17575
4802,5485
4803,10501
4804,11131
4805,13469
4806,1576
4807,9390
4808,13634
4809,553
4810,14192
4811,17039
4812,3052
4813,1886
4814,11941
4815,2826
4816,6207
4817,9786
4818,13645
4819,5832
4820,11190
4821,13330
4822,16234
4823,5005
4824,3288
4825,16917
4826,4934
4827,14799
4828,15392
4829,16461
4830,8068
4831,772
4832,16573
4833,15931
4834,11977
4835,11092
4836,14733
4837,17551
4838,10998
4839,3876
4840,4103
4841,3319
4842,1714
4843,6586
4844,17232
4845,17846
4846,17625
4847,3193
4848,10060
4849,5899
4850,12392
4851,2888
4852,8686
4853,17576
4854,913
4855,8006
4856,6121
4857,14580
4858,181
4859,2413
4860,2907
4861,6080
4862,10922
4863,12122
4864,4580
4865,16190
4866,4846
4867,2073
4868,930
4869,5536
4870,16623
4871,11936
4872,7295
4873,3401
4874,13754
4875,4930
4876,2610
4877,16574
4878,10888
4879,12478
4880,1087
4881,16244
4882,3886
4883,15384
4884,11527
4885,13539
4886,5957
4887,5569
4888,13976
4889,3336
4890,3526
4891,4769
4892,8922
4893,8499
4894,14859
4895,3609
4896,6816
4897,5064
4898,15280
4899,2878
4900,18009
4901,3485
4902,3594
4903,2589
4904,13902
4905,12855
4906,1356
4907,2417
4908,1694
4909,2822
4910,11497
4911,13971
4912,12084
4913,5783
4914,2738
4915,693
4916,6798
4917,3318
4918,13654
4919,3279
4920,7298
4921,8529
4922,6353
4923,12300
4924,2343
4925,3055
4926,2626
4927,16227
4928,10232
4929,6557
4930,4299
4931,10513
4932,10526
4933,13416
4934,14370
4935,3595
4936,14622
4937,11627
4938,6786
4939,15447
4940,5954
4941,14187
4942,14725
4943,5311
4944,15160
4945,6803
4946,9041
4947,12269
4948,2449
4949,3747
4950,12635
4951,11997
4952,1056
4953,6946
4954,11253
4955,13
4956,14346
4957,12985
4958,10224
4959,4285
4960,1571
4961,2767
4962,9638
4963,16882
4964,348
4965,11826
4966,5204
4967,1501
4968,16844
4969,15912
4970,13969
4971,13947
4972,16269
4973,7931
4974,10045
4975,14078
4976,14899
4977,1418
4978,460
4979,10887
4980,3917
4981,13618
4982,10103
4983,14495
4984,13959
4985,9405
4986,14027
4987,15907
4988,4984
4989,2004
4990,7018
4991,17705
4992,4032
4993,14518
4994,12789
4995,5990
4996,8764
4997,8899
4998,11498
4999,14036
5000,16648
5001,3043
5002,11314
5003,5259
5004,2954
5005,1229
5006,16109
5007,5849
5008,4612
5009,1232
5010,18060
5011,340
5012,644
5013,13930
5014,5022
5015,11481
5016,11695
5017,13493
5018,9011
5019,17902
5020,16654
5021,10712
5022,12763
5023,5784
5024,5522
5025,6110
5026,12225
5027,170
5028,5867
5029,2184
5030,9659
5031,4237
5032,16912
5033,3754
5034,7835
5035,8917
5036,8897
5037,7614
5038,2227
5039,11790
5040,9675
5041,12637
5042,6229
5043,13124
5044,1664
5045,8763
5046,17384
5047,2293
5048,11680
5049,17684
5050,11861
5051,14564
5052,17038
5053,16762
5054,18176
5055,15037
5056,7359
5057,10411
5058,17115
5059,9320
5060,2684
5061,5980
5062,45
5063,13356
5064,11105
5065,4749
5066,2681
5067,7816
5068,8301
5069,7922
5070,18113
5071,7887
5072,1593
5073,6328
5074,17188
5075,4110
5076,6926
5077,3400
5078,15689
5079,1246
5080,14298
5081,16811
5082,5492
5083,4690
5084,1167
5085,11399
5086,4400
5087,4057
5088,12444
5089,6331
5090,13785
5091,13641
5092,14646
5093,10405
5094,7539
5095,4372
5096,1162
5097,6687
5098,6739
5099,11574
5100,14850
5101,3812
5102,2435
5103,8580
5104,10629
5105,17303
5106,11407
5107,12849
5108,13056
5109,13935
5110,14990
5111,10819
5112,9508
5113,18144
5114,492
5115,16056
5116,18005
5117,13135
5118,4500
5119,17518
5120,15385
5121,10505
5122,9251
5123,8184
5124,9001
5125,18121
5126,5737
5127,3454
5128,12101
5129,6532
5130,5518
5131,12192
5132,17783
5133,5670
5134,15660
5135,8069
5136,2309
5137,1372
5138,16060
5139,5013
5140,10485
5141,15252
5142,17228
5143,4011
5144,526
5145,9974
5146,3975
5147,14917
5148,14306
5149,2870
5150,13766
5151,9654
5152,9172
5153,15596
5154,5432
5155,11876
5156,3004
5157,10479
5158,9302
5159,16952
5160,8081
5161,3269
5162,17621
5163,5319
5164,9518
5165,14742
5166,5810
5167,17448
5168,14489
5169,15591
5170,4845
5171,17172
5172,17403
5173,13154
5174,17631
5175,10158
5176,15980
5177,10257
5178,720
5179,18051
5180,11387
5181,4465
5182,1267
5183,4760
5184,2337
5185,15281
5186,12029
5187,6856
5188,2922
5189,81
5190,5340
5191,11775
5192,2440
5193,9181
5194,14606
5195,3074
5196,17197
5197,17581
5198,16397
5199,12308
5200,6951
5201,6371
5202,3555
5203,7001
5204,1971
5205,7672
5206,13922
5207,12912
5208,7621
5209,10958
5210,648
5211,17013
5212,17995
5213,1754
5214,889
5215,13464
5216,11539
5217,15952
5218,1885
5219,14784
5220,17340
5221,2370
5222,1447
5223,12069
5224,2424
5225,4607
5226,9902
5227,1106
5228,15350
5229,17456
5230,1800
5231,14804
5232,13967
5233,8191
5234,1398
5235,1969
5236,735
5237,8599
5238,9014
5239,5409
5240,16217
5241,3893
5242,3317
5243,14736
5244,6266
5245,15220
5246,4753
5247,15906
5248,11536
5249,12990
5250,12094
5251,9637
5252,8363
5253,9421
5254,7118
5255,5248
5256,3977
5257,3053
5258,16033
5259,4051
5260,2287
5261,10655
5262,6471
5263,14620
5264,6459
5265,12129
5266,2860
5267,1289
5268,15463
5269,9822
5270,15972
5271,8353
5272,6398
5273,17989
5274,17136
5275,16274
5276,9554
5277,11842
5278,655
5279,7098
5280,864
5281,15236
5282,2531
5283,14918
5284,14802
5285,1310
5286,1901
5287,10831
5288,12874
5289,15143
5290,9541
5291,1426
5292,14415
5293,16002
5294,11004
5295,17068
5296,3371
5297,3429
5298,9721
5299,7990
5300,11332
5301,12515
5302,7550
5303,8839
5304,5656
5305,5631
5306,4521
5307,7966
5308,17497
5309,12616
5310,9872
5311,4283
5312,446
5313,3712
5314,12601
5315,8614
5316,11892
5317,12455
5318,15516
5319,3858
5320,3344
5321,6874
5322,17954
5323,867
5324,361
5325,636
5326,4779
5327,10166
5328,12847
5329,8298
5330,1411
5331,4348
5332,686
5333,17746
5334,5890
5335,13510
5336,5309
5337,6850
5338,7409
5339,16251
5340,17360
5341,16370
5342,2990
5343,11759
5344,2181
5345,16332
5346,11848
5347,11865
5348,16219
5349,9016
5350,897
5351,15064
5352,9004
5353,8207
5354,12587
5355,13556
5356,14846
5357,4526
5358,5690
5359,13153
5360,13253
5361,15647
5362,1925
5363,10645
5364,12167
5365,13126
5366,1691
5367,15787
5368,11745
5369,6297
5370,11923
5371,3143
5372,1281
5373,9860
5374,8310
5375,17169
5376,12323
5377,2736
5378,14257
5379,8689
5380,10154
5381,1874
5382,685
5383,15434
5384,17628
5385,14892
5386,1575
5387,927
5388,11849
5389,611
5390,15920
5391,4548
5392,16859
5393,9083
5394,2946
5395,6643
5396,1684
5397,15971
5398,16178
5399,4556
5400,1315
5401,18146
5402,5752
5403,8698
5404,10573
5405,17836
5406,11137
5407,17485
5408,17058
5409,18203
5410,14304
5411,3475
5412,11424
5413,11039
5414,14552
5415,1917
5416,15171
5417,11396
5418,7301
5419,8341
5420,15505
5421,10964
5422,17598
5423,4022
5424,16181
5425,3239
5426,17964
5427,14895
5428,17905
5429,17530
5430,10956
5431,14236
5432,5628
5433,716
5434,7781
5435,8575
5436,16888
5437,10502
5438,12240
5439,7751
5440,7683
5441,13179
5442,10004
5443,2923
5444,8491
5445,2730
5446,9552
5447,8759
5448,16494
5449,14996
5450,16449
5451,2409
5452,379
5453,6079
5454,7796
5455,7958
5456,3302
5457,10598
5458,17190
5459,14946
5460,16327
5461,732
5462,14771
